// Validating benchmarks:
//    * No exporters defined, results will not be persisted.

//    * No column providers defined, result table will be empty.

// ***** BenchmarkRunner: Start   *****
// ***** Found 8 benchmark(s) in total *****
// ***** Building 1 exe(s) in Parallel: Start   *****
// ***** Done, took 00:00:00 (0.01 sec)   *****
// Found 8 benchmarks:
//   PlaylistCoordinatorBenchmarks.'Sort 100 items': InProcess(Toolchain=InProcessEmitToolchain, InvocationCount=1, UnrollFactor=1)
//   PlaylistCoordinatorBenchmarks.'Sort 1000 items': InProcess(Toolchain=InProcessEmitToolchain, InvocationCount=1, UnrollFactor=1)
//   PlaylistCoordinatorBenchmarks.'Sort 10000 items': InProcess(Toolchain=InProcessEmitToolchain, InvocationCount=1, UnrollFactor=1)
//   PlaylistCoordinatorBenchmarks.'Shuffle 100 items': InProcess(Toolchain=InProcessEmitToolchain, InvocationCount=1, UnrollFactor=1)
//   PlaylistCoordinatorBenchmarks.'Shuffle 10000 items': InProcess(Toolchain=InProcessEmitToolchain, InvocationCount=1, UnrollFactor=1)
//   PlaylistCoordinatorBenchmarks.'GetNextIndex 1000 times (100 items, no wrap)': InProcess(Toolchain=InProcessEmitToolchain, InvocationCount=1, UnrollFactor=1)
//   PlaylistCoordinatorBenchmarks.'Add 1000 items': InProcess(Toolchain=InProcessEmitToolchain, InvocationCount=1, UnrollFactor=1)
//   PlaylistCoordinatorBenchmarks.'Remove 1000 items (from end)': InProcess(Toolchain=InProcessEmitToolchain, InvocationCount=1, UnrollFactor=1)

Setup power plan (GUID: 8c5e7fda-e8bf-4a96-9a85-a6e23a8c635c FriendlyName: High performance)
// **************************
// Benchmark: PlaylistCoordinatorBenchmarks.'Sort 100 items': InProcess(Toolchain=InProcessEmitToolchain, InvocationCount=1, UnrollFactor=1)
// *** Execute ***
// Launch: 1 / 1

// Benchmark Process Environment Information:
// BenchmarkDotNet v0.14.0
// Runtime=.NET 10.0.9 (10.0.926.27113), X64 RyuJIT AVX2
// GC=Concurrent Workstation
// HardwareIntrinsics=AVX2,AES,BMI1,BMI2,FMA,LZCNT,PCLMUL,POPCNT VectorSize=256
// Job: Job-NOZIOL(Toolchain=InProcessEmitToolchain, InvocationCount=1, UnrollFactor=1)

OverheadJitting  1: 1 op, 421900.00 ns, 421.9000 us/op
WorkloadJitting  1: 1 op, 514800.00 ns, 514.8000 us/op

OverheadWarmup   1: 1 op, 2400.00 ns, 2.4000 us/op
OverheadWarmup   2: 1 op, 300.00 ns, 300.0000 ns/op
OverheadWarmup   3: 1 op, 300.00 ns, 300.0000 ns/op
OverheadWarmup   4: 1 op, 200.00 ns, 200.0000 ns/op
OverheadWarmup   5: 1 op, 300.00 ns, 300.0000 ns/op
OverheadWarmup   6: 1 op, 200.00 ns, 200.0000 ns/op

OverheadActual   1: 1 op, 300.00 ns, 300.0000 ns/op
OverheadActual   2: 1 op, 300.00 ns, 300.0000 ns/op
OverheadActual   3: 1 op, 300.00 ns, 300.0000 ns/op
OverheadActual   4: 1 op, 400.00 ns, 400.0000 ns/op
OverheadActual   5: 1 op, 400.00 ns, 400.0000 ns/op
OverheadActual   6: 1 op, 400.00 ns, 400.0000 ns/op
OverheadActual   7: 1 op, 400.00 ns, 400.0000 ns/op
OverheadActual   8: 1 op, 400.00 ns, 400.0000 ns/op
OverheadActual   9: 1 op, 400.00 ns, 400.0000 ns/op
OverheadActual  10: 1 op, 700.00 ns, 700.0000 ns/op
OverheadActual  11: 1 op, 300.00 ns, 300.0000 ns/op
OverheadActual  12: 1 op, 600.00 ns, 600.0000 ns/op
OverheadActual  13: 1 op, 500.00 ns, 500.0000 ns/op
OverheadActual  14: 1 op, 400.00 ns, 400.0000 ns/op
OverheadActual  15: 1 op, 300.00 ns, 300.0000 ns/op
OverheadActual  16: 1 op, 500.00 ns, 500.0000 ns/op
OverheadActual  17: 1 op, 400.00 ns, 400.0000 ns/op
OverheadActual  18: 1 op, 300.00 ns, 300.0000 ns/op
OverheadActual  19: 1 op, 400.00 ns, 400.0000 ns/op
OverheadActual  20: 1 op, 400.00 ns, 400.0000 ns/op

WorkloadWarmup   1: 1 op, 53200.00 ns, 53.2000 us/op
WorkloadWarmup   2: 1 op, 87200.00 ns, 87.2000 us/op
WorkloadWarmup   3: 1 op, 40500.00 ns, 40.5000 us/op
WorkloadWarmup   4: 1 op, 40000.00 ns, 40.0000 us/op
WorkloadWarmup   5: 1 op, 38700.00 ns, 38.7000 us/op
WorkloadWarmup   6: 1 op, 43600.00 ns, 43.6000 us/op
WorkloadWarmup   7: 1 op, 43500.00 ns, 43.5000 us/op

WorkloadActual   1: 1 op, 34300.00 ns, 34.3000 us/op
WorkloadActual   2: 1 op, 26100.00 ns, 26.1000 us/op
WorkloadActual   3: 1 op, 25000.00 ns, 25.0000 us/op
WorkloadActual   4: 1 op, 26600.00 ns, 26.6000 us/op
WorkloadActual   5: 1 op, 29300.00 ns, 29.3000 us/op
WorkloadActual   6: 1 op, 26800.00 ns, 26.8000 us/op
WorkloadActual   7: 1 op, 30700.00 ns, 30.7000 us/op
WorkloadActual   8: 1 op, 26100.00 ns, 26.1000 us/op
WorkloadActual   9: 1 op, 26600.00 ns, 26.6000 us/op
WorkloadActual  10: 1 op, 19800.00 ns, 19.8000 us/op
WorkloadActual  11: 1 op, 25600.00 ns, 25.6000 us/op
WorkloadActual  12: 1 op, 27400.00 ns, 27.4000 us/op
WorkloadActual  13: 1 op, 24400.00 ns, 24.4000 us/op
WorkloadActual  14: 1 op, 24500.00 ns, 24.5000 us/op
WorkloadActual  15: 1 op, 34900.00 ns, 34.9000 us/op
WorkloadActual  16: 1 op, 26900.00 ns, 26.9000 us/op
WorkloadActual  17: 1 op, 24800.00 ns, 24.8000 us/op
WorkloadActual  18: 1 op, 25000.00 ns, 25.0000 us/op
WorkloadActual  19: 1 op, 33600.00 ns, 33.6000 us/op
WorkloadActual  20: 1 op, 40600.00 ns, 40.6000 us/op
WorkloadActual  21: 1 op, 29600.00 ns, 29.6000 us/op
WorkloadActual  22: 1 op, 19000.00 ns, 19.0000 us/op
WorkloadActual  23: 1 op, 29600.00 ns, 29.6000 us/op
WorkloadActual  24: 1 op, 16100.00 ns, 16.1000 us/op
WorkloadActual  25: 1 op, 22700.00 ns, 22.7000 us/op
WorkloadActual  26: 1 op, 13200.00 ns, 13.2000 us/op
WorkloadActual  27: 1 op, 18200.00 ns, 18.2000 us/op
WorkloadActual  28: 1 op, 22300.00 ns, 22.3000 us/op
WorkloadActual  29: 1 op, 17700.00 ns, 17.7000 us/op
WorkloadActual  30: 1 op, 16200.00 ns, 16.2000 us/op
WorkloadActual  31: 1 op, 18400.00 ns, 18.4000 us/op
WorkloadActual  32: 1 op, 18100.00 ns, 18.1000 us/op
WorkloadActual  33: 1 op, 19300.00 ns, 19.3000 us/op
WorkloadActual  34: 1 op, 15000.00 ns, 15.0000 us/op
WorkloadActual  35: 1 op, 20500.00 ns, 20.5000 us/op
WorkloadActual  36: 1 op, 13200.00 ns, 13.2000 us/op
WorkloadActual  37: 1 op, 12100.00 ns, 12.1000 us/op
WorkloadActual  38: 1 op, 13500.00 ns, 13.5000 us/op
WorkloadActual  39: 1 op, 16000.00 ns, 16.0000 us/op
WorkloadActual  40: 1 op, 12400.00 ns, 12.4000 us/op
WorkloadActual  41: 1 op, 12900.00 ns, 12.9000 us/op
WorkloadActual  42: 1 op, 11500.00 ns, 11.5000 us/op
WorkloadActual  43: 1 op, 11700.00 ns, 11.7000 us/op
WorkloadActual  44: 1 op, 15500.00 ns, 15.5000 us/op
WorkloadActual  45: 1 op, 11900.00 ns, 11.9000 us/op
WorkloadActual  46: 1 op, 11800.00 ns, 11.8000 us/op
WorkloadActual  47: 1 op, 21400.00 ns, 21.4000 us/op
WorkloadActual  48: 1 op, 15500.00 ns, 15.5000 us/op
WorkloadActual  49: 1 op, 124900.00 ns, 124.9000 us/op
WorkloadActual  50: 1 op, 18800.00 ns, 18.8000 us/op
WorkloadActual  51: 1 op, 14400.00 ns, 14.4000 us/op
WorkloadActual  52: 1 op, 12000.00 ns, 12.0000 us/op
WorkloadActual  53: 1 op, 21500.00 ns, 21.5000 us/op
WorkloadActual  54: 1 op, 9600.00 ns, 9.6000 us/op
WorkloadActual  55: 1 op, 10800.00 ns, 10.8000 us/op
WorkloadActual  56: 1 op, 11400.00 ns, 11.4000 us/op
WorkloadActual  57: 1 op, 13100.00 ns, 13.1000 us/op
WorkloadActual  58: 1 op, 8700.00 ns, 8.7000 us/op
WorkloadActual  59: 1 op, 19800.00 ns, 19.8000 us/op
WorkloadActual  60: 1 op, 9100.00 ns, 9.1000 us/op
WorkloadActual  61: 1 op, 9000.00 ns, 9.0000 us/op
WorkloadActual  62: 1 op, 13300.00 ns, 13.3000 us/op
WorkloadActual  63: 1 op, 9600.00 ns, 9.6000 us/op
WorkloadActual  64: 1 op, 9500.00 ns, 9.5000 us/op
WorkloadActual  65: 1 op, 10700.00 ns, 10.7000 us/op
WorkloadActual  66: 1 op, 10600.00 ns, 10.6000 us/op
WorkloadActual  67: 1 op, 11900.00 ns, 11.9000 us/op
WorkloadActual  68: 1 op, 11700.00 ns, 11.7000 us/op
WorkloadActual  69: 1 op, 9300.00 ns, 9.3000 us/op
WorkloadActual  70: 1 op, 9800.00 ns, 9.8000 us/op
WorkloadActual  71: 1 op, 9900.00 ns, 9.9000 us/op
WorkloadActual  72: 1 op, 14300.00 ns, 14.3000 us/op
WorkloadActual  73: 1 op, 9100.00 ns, 9.1000 us/op
WorkloadActual  74: 1 op, 10100.00 ns, 10.1000 us/op
WorkloadActual  75: 1 op, 9700.00 ns, 9.7000 us/op
WorkloadActual  76: 1 op, 10400.00 ns, 10.4000 us/op
WorkloadActual  77: 1 op, 9600.00 ns, 9.6000 us/op
WorkloadActual  78: 1 op, 10400.00 ns, 10.4000 us/op
WorkloadActual  79: 1 op, 9900.00 ns, 9.9000 us/op
WorkloadActual  80: 1 op, 13200.00 ns, 13.2000 us/op
WorkloadActual  81: 1 op, 9100.00 ns, 9.1000 us/op
WorkloadActual  82: 1 op, 12800.00 ns, 12.8000 us/op
WorkloadActual  83: 1 op, 9200.00 ns, 9.2000 us/op
WorkloadActual  84: 1 op, 9100.00 ns, 9.1000 us/op
WorkloadActual  85: 1 op, 9200.00 ns, 9.2000 us/op
WorkloadActual  86: 1 op, 12300.00 ns, 12.3000 us/op
WorkloadActual  87: 1 op, 9000.00 ns, 9.0000 us/op
WorkloadActual  88: 1 op, 10000.00 ns, 10.0000 us/op
WorkloadActual  89: 1 op, 8800.00 ns, 8.8000 us/op
WorkloadActual  90: 1 op, 9500.00 ns, 9.5000 us/op
WorkloadActual  91: 1 op, 9100.00 ns, 9.1000 us/op
WorkloadActual  92: 1 op, 13700.00 ns, 13.7000 us/op
WorkloadActual  93: 1 op, 13000.00 ns, 13.0000 us/op
WorkloadActual  94: 1 op, 9400.00 ns, 9.4000 us/op
WorkloadActual  95: 1 op, 10000.00 ns, 10.0000 us/op
WorkloadActual  96: 1 op, 8600.00 ns, 8.6000 us/op
WorkloadActual  97: 1 op, 12500.00 ns, 12.5000 us/op
WorkloadActual  98: 1 op, 13400.00 ns, 13.4000 us/op
WorkloadActual  99: 1 op, 9000.00 ns, 9.0000 us/op
WorkloadActual  100: 1 op, 9000.00 ns, 9.0000 us/op

WorkloadResult   1: 1 op, 33900.00 ns, 33.9000 us/op
WorkloadResult   2: 1 op, 25700.00 ns, 25.7000 us/op
WorkloadResult   3: 1 op, 24600.00 ns, 24.6000 us/op
WorkloadResult   4: 1 op, 26200.00 ns, 26.2000 us/op
WorkloadResult   5: 1 op, 28900.00 ns, 28.9000 us/op
WorkloadResult   6: 1 op, 26400.00 ns, 26.4000 us/op
WorkloadResult   7: 1 op, 30300.00 ns, 30.3000 us/op
WorkloadResult   8: 1 op, 25700.00 ns, 25.7000 us/op
WorkloadResult   9: 1 op, 26200.00 ns, 26.2000 us/op
WorkloadResult  10: 1 op, 19400.00 ns, 19.4000 us/op
WorkloadResult  11: 1 op, 25200.00 ns, 25.2000 us/op
WorkloadResult  12: 1 op, 27000.00 ns, 27.0000 us/op
WorkloadResult  13: 1 op, 24000.00 ns, 24.0000 us/op
WorkloadResult  14: 1 op, 24100.00 ns, 24.1000 us/op
WorkloadResult  15: 1 op, 34500.00 ns, 34.5000 us/op
WorkloadResult  16: 1 op, 26500.00 ns, 26.5000 us/op
WorkloadResult  17: 1 op, 24400.00 ns, 24.4000 us/op
WorkloadResult  18: 1 op, 24600.00 ns, 24.6000 us/op
WorkloadResult  19: 1 op, 33200.00 ns, 33.2000 us/op
WorkloadResult  20: 1 op, 29200.00 ns, 29.2000 us/op
WorkloadResult  21: 1 op, 18600.00 ns, 18.6000 us/op
WorkloadResult  22: 1 op, 29200.00 ns, 29.2000 us/op
WorkloadResult  23: 1 op, 15700.00 ns, 15.7000 us/op
WorkloadResult  24: 1 op, 22300.00 ns, 22.3000 us/op
WorkloadResult  25: 1 op, 12800.00 ns, 12.8000 us/op
WorkloadResult  26: 1 op, 17800.00 ns, 17.8000 us/op
WorkloadResult  27: 1 op, 21900.00 ns, 21.9000 us/op
WorkloadResult  28: 1 op, 17300.00 ns, 17.3000 us/op
WorkloadResult  29: 1 op, 15800.00 ns, 15.8000 us/op
WorkloadResult  30: 1 op, 18000.00 ns, 18.0000 us/op
WorkloadResult  31: 1 op, 17700.00 ns, 17.7000 us/op
WorkloadResult  32: 1 op, 18900.00 ns, 18.9000 us/op
WorkloadResult  33: 1 op, 14600.00 ns, 14.6000 us/op
WorkloadResult  34: 1 op, 20100.00 ns, 20.1000 us/op
WorkloadResult  35: 1 op, 12800.00 ns, 12.8000 us/op
WorkloadResult  36: 1 op, 11700.00 ns, 11.7000 us/op
WorkloadResult  37: 1 op, 13100.00 ns, 13.1000 us/op
WorkloadResult  38: 1 op, 15600.00 ns, 15.6000 us/op
WorkloadResult  39: 1 op, 12000.00 ns, 12.0000 us/op
WorkloadResult  40: 1 op, 12500.00 ns, 12.5000 us/op
WorkloadResult  41: 1 op, 11100.00 ns, 11.1000 us/op
WorkloadResult  42: 1 op, 11300.00 ns, 11.3000 us/op
WorkloadResult  43: 1 op, 15100.00 ns, 15.1000 us/op
WorkloadResult  44: 1 op, 11500.00 ns, 11.5000 us/op
WorkloadResult  45: 1 op, 11400.00 ns, 11.4000 us/op
WorkloadResult  46: 1 op, 21000.00 ns, 21.0000 us/op
WorkloadResult  47: 1 op, 15100.00 ns, 15.1000 us/op
WorkloadResult  48: 1 op, 18400.00 ns, 18.4000 us/op
WorkloadResult  49: 1 op, 14000.00 ns, 14.0000 us/op
WorkloadResult  50: 1 op, 11600.00 ns, 11.6000 us/op
WorkloadResult  51: 1 op, 21100.00 ns, 21.1000 us/op
WorkloadResult  52: 1 op, 9200.00 ns, 9.2000 us/op
WorkloadResult  53: 1 op, 10400.00 ns, 10.4000 us/op
WorkloadResult  54: 1 op, 11000.00 ns, 11.0000 us/op
WorkloadResult  55: 1 op, 12700.00 ns, 12.7000 us/op
WorkloadResult  56: 1 op, 8300.00 ns, 8.3000 us/op
WorkloadResult  57: 1 op, 19400.00 ns, 19.4000 us/op
WorkloadResult  58: 1 op, 8700.00 ns, 8.7000 us/op
WorkloadResult  59: 1 op, 8600.00 ns, 8.6000 us/op
WorkloadResult  60: 1 op, 12900.00 ns, 12.9000 us/op
WorkloadResult  61: 1 op, 9200.00 ns, 9.2000 us/op
WorkloadResult  62: 1 op, 9100.00 ns, 9.1000 us/op
WorkloadResult  63: 1 op, 10300.00 ns, 10.3000 us/op
WorkloadResult  64: 1 op, 10200.00 ns, 10.2000 us/op
WorkloadResult  65: 1 op, 11500.00 ns, 11.5000 us/op
WorkloadResult  66: 1 op, 11300.00 ns, 11.3000 us/op
WorkloadResult  67: 1 op, 8900.00 ns, 8.9000 us/op
WorkloadResult  68: 1 op, 9400.00 ns, 9.4000 us/op
WorkloadResult  69: 1 op, 9500.00 ns, 9.5000 us/op
WorkloadResult  70: 1 op, 13900.00 ns, 13.9000 us/op
WorkloadResult  71: 1 op, 8700.00 ns, 8.7000 us/op
WorkloadResult  72: 1 op, 9700.00 ns, 9.7000 us/op
WorkloadResult  73: 1 op, 9300.00 ns, 9.3000 us/op
WorkloadResult  74: 1 op, 10000.00 ns, 10.0000 us/op
WorkloadResult  75: 1 op, 9200.00 ns, 9.2000 us/op
WorkloadResult  76: 1 op, 10000.00 ns, 10.0000 us/op
WorkloadResult  77: 1 op, 9500.00 ns, 9.5000 us/op
WorkloadResult  78: 1 op, 12800.00 ns, 12.8000 us/op
WorkloadResult  79: 1 op, 8700.00 ns, 8.7000 us/op
WorkloadResult  80: 1 op, 12400.00 ns, 12.4000 us/op
WorkloadResult  81: 1 op, 8800.00 ns, 8.8000 us/op
WorkloadResult  82: 1 op, 8700.00 ns, 8.7000 us/op
WorkloadResult  83: 1 op, 8800.00 ns, 8.8000 us/op
WorkloadResult  84: 1 op, 11900.00 ns, 11.9000 us/op
WorkloadResult  85: 1 op, 8600.00 ns, 8.6000 us/op
WorkloadResult  86: 1 op, 9600.00 ns, 9.6000 us/op
WorkloadResult  87: 1 op, 8400.00 ns, 8.4000 us/op
WorkloadResult  88: 1 op, 9100.00 ns, 9.1000 us/op
WorkloadResult  89: 1 op, 8700.00 ns, 8.7000 us/op
WorkloadResult  90: 1 op, 13300.00 ns, 13.3000 us/op
WorkloadResult  91: 1 op, 12600.00 ns, 12.6000 us/op
WorkloadResult  92: 1 op, 9000.00 ns, 9.0000 us/op
WorkloadResult  93: 1 op, 9600.00 ns, 9.6000 us/op
WorkloadResult  94: 1 op, 8200.00 ns, 8.2000 us/op
WorkloadResult  95: 1 op, 12100.00 ns, 12.1000 us/op
WorkloadResult  96: 1 op, 13000.00 ns, 13.0000 us/op
WorkloadResult  97: 1 op, 8600.00 ns, 8.6000 us/op
WorkloadResult  98: 1 op, 8600.00 ns, 8.6000 us/op
// GC:  0 0 0 2432 1
// Threading:  0 0 1


Mean = 15.535 μs, StdErr = 0.722 μs (4.65%), N = 98, StdDev = 7.146 μs
Min = 8.200 μs, Q1 = 9.525 μs, Median = 12.750 μs, Q3 = 19.925 μs, Max = 34.500 μs
IQR = 10.400 μs, LowerFence = -6.075 μs, UpperFence = 35.525 μs
ConfidenceInterval = [13.085 μs; 17.984 μs] (CI 99.9%), Margin = 2.450 μs (15.77% of Mean)
Skewness = 0.94, Kurtosis = 2.7, MValue = 2.49

// ** Remained 7 (87.5%) benchmark(s) to run. Estimated finish 2026-06-19 11:12 (0h 3m from now) **
Setup power plan (GUID: 8c5e7fda-e8bf-4a96-9a85-a6e23a8c635c FriendlyName: High performance)
// **************************
// Benchmark: PlaylistCoordinatorBenchmarks.'Sort 1000 items': InProcess(Toolchain=InProcessEmitToolchain, InvocationCount=1, UnrollFactor=1)
// *** Execute ***
// Launch: 1 / 1

// Benchmark Process Environment Information:
// BenchmarkDotNet v0.14.0
// Runtime=.NET 10.0.9 (10.0.926.27113), X64 RyuJIT AVX2
// GC=Concurrent Workstation
// HardwareIntrinsics=AVX2,AES,BMI1,BMI2,FMA,LZCNT,PCLMUL,POPCNT VectorSize=256
// Job: Job-NOZIOL(Toolchain=InProcessEmitToolchain, InvocationCount=1, UnrollFactor=1)

OverheadJitting  1: 1 op, 216100.00 ns, 216.1000 us/op
WorkloadJitting  1: 1 op, 473000.00 ns, 473.0000 us/op

OverheadWarmup   1: 1 op, 2600.00 ns, 2.6000 us/op
OverheadWarmup   2: 1 op, 300.00 ns, 300.0000 ns/op
OverheadWarmup   3: 1 op, 700.00 ns, 700.0000 ns/op
OverheadWarmup   4: 1 op, 700.00 ns, 700.0000 ns/op
OverheadWarmup   5: 1 op, 1200.00 ns, 1.2000 us/op
OverheadWarmup   6: 1 op, 400.00 ns, 400.0000 ns/op

OverheadActual   1: 1 op, 400.00 ns, 400.0000 ns/op
OverheadActual   2: 1 op, 400.00 ns, 400.0000 ns/op
OverheadActual   3: 1 op, 500.00 ns, 500.0000 ns/op
OverheadActual   4: 1 op, 800.00 ns, 800.0000 ns/op
OverheadActual   5: 1 op, 800.00 ns, 800.0000 ns/op
OverheadActual   6: 1 op, 800.00 ns, 800.0000 ns/op
OverheadActual   7: 1 op, 700.00 ns, 700.0000 ns/op
OverheadActual   8: 1 op, 700.00 ns, 700.0000 ns/op
OverheadActual   9: 1 op, 1100.00 ns, 1.1000 us/op
OverheadActual  10: 1 op, 1000.00 ns, 1.0000 us/op
OverheadActual  11: 1 op, 1600.00 ns, 1.6000 us/op
OverheadActual  12: 1 op, 1000.00 ns, 1.0000 us/op
OverheadActual  13: 1 op, 800.00 ns, 800.0000 ns/op
OverheadActual  14: 1 op, 1200.00 ns, 1.2000 us/op
OverheadActual  15: 1 op, 900.00 ns, 900.0000 ns/op
OverheadActual  16: 1 op, 600.00 ns, 600.0000 ns/op
OverheadActual  17: 1 op, 700.00 ns, 700.0000 ns/op
OverheadActual  18: 1 op, 800.00 ns, 800.0000 ns/op
OverheadActual  19: 1 op, 800.00 ns, 800.0000 ns/op
OverheadActual  20: 1 op, 1300.00 ns, 1.3000 us/op

WorkloadWarmup   1: 1 op, 93900.00 ns, 93.9000 us/op
WorkloadWarmup   2: 1 op, 81100.00 ns, 81.1000 us/op
WorkloadWarmup   3: 1 op, 82500.00 ns, 82.5000 us/op
WorkloadWarmup   4: 1 op, 82500.00 ns, 82.5000 us/op
WorkloadWarmup   5: 1 op, 86900.00 ns, 86.9000 us/op
WorkloadWarmup   6: 1 op, 89500.00 ns, 89.5000 us/op
WorkloadWarmup   7: 1 op, 82000.00 ns, 82.0000 us/op

WorkloadActual   1: 1 op, 86500.00 ns, 86.5000 us/op
WorkloadActual   2: 1 op, 88200.00 ns, 88.2000 us/op
WorkloadActual   3: 1 op, 86800.00 ns, 86.8000 us/op
WorkloadActual   4: 1 op, 89000.00 ns, 89.0000 us/op
WorkloadActual   5: 1 op, 87700.00 ns, 87.7000 us/op
WorkloadActual   6: 1 op, 83200.00 ns, 83.2000 us/op
WorkloadActual   7: 1 op, 84800.00 ns, 84.8000 us/op
WorkloadActual   8: 1 op, 88100.00 ns, 88.1000 us/op
WorkloadActual   9: 1 op, 97500.00 ns, 97.5000 us/op
WorkloadActual  10: 1 op, 93600.00 ns, 93.6000 us/op
WorkloadActual  11: 1 op, 91800.00 ns, 91.8000 us/op
WorkloadActual  12: 1 op, 89300.00 ns, 89.3000 us/op
WorkloadActual  13: 1 op, 86200.00 ns, 86.2000 us/op
WorkloadActual  14: 1 op, 83700.00 ns, 83.7000 us/op
WorkloadActual  15: 1 op, 86200.00 ns, 86.2000 us/op
WorkloadActual  16: 1 op, 82400.00 ns, 82.4000 us/op
WorkloadActual  17: 1 op, 81300.00 ns, 81.3000 us/op
WorkloadActual  18: 1 op, 126400.00 ns, 126.4000 us/op
WorkloadActual  19: 1 op, 82000.00 ns, 82.0000 us/op
WorkloadActual  20: 1 op, 87600.00 ns, 87.6000 us/op
WorkloadActual  21: 1 op, 84600.00 ns, 84.6000 us/op
WorkloadActual  22: 1 op, 84600.00 ns, 84.6000 us/op
WorkloadActual  23: 1 op, 173800.00 ns, 173.8000 us/op
WorkloadActual  24: 1 op, 90000.00 ns, 90.0000 us/op
WorkloadActual  25: 1 op, 102900.00 ns, 102.9000 us/op
WorkloadActual  26: 1 op, 81600.00 ns, 81.6000 us/op
WorkloadActual  27: 1 op, 86800.00 ns, 86.8000 us/op
WorkloadActual  28: 1 op, 80400.00 ns, 80.4000 us/op
WorkloadActual  29: 1 op, 86300.00 ns, 86.3000 us/op
WorkloadActual  30: 1 op, 81800.00 ns, 81.8000 us/op
WorkloadActual  31: 1 op, 88200.00 ns, 88.2000 us/op
WorkloadActual  32: 1 op, 83200.00 ns, 83.2000 us/op
WorkloadActual  33: 1 op, 87100.00 ns, 87.1000 us/op
WorkloadActual  34: 1 op, 82100.00 ns, 82.1000 us/op
WorkloadActual  35: 1 op, 82400.00 ns, 82.4000 us/op
WorkloadActual  36: 1 op, 89100.00 ns, 89.1000 us/op
WorkloadActual  37: 1 op, 84600.00 ns, 84.6000 us/op
WorkloadActual  38: 1 op, 84700.00 ns, 84.7000 us/op
WorkloadActual  39: 1 op, 82600.00 ns, 82.6000 us/op
WorkloadActual  40: 1 op, 84900.00 ns, 84.9000 us/op
WorkloadActual  41: 1 op, 83400.00 ns, 83.4000 us/op
WorkloadActual  42: 1 op, 82000.00 ns, 82.0000 us/op
WorkloadActual  43: 1 op, 86000.00 ns, 86.0000 us/op
WorkloadActual  44: 1 op, 82200.00 ns, 82.2000 us/op
WorkloadActual  45: 1 op, 85300.00 ns, 85.3000 us/op

WorkloadResult   1: 1 op, 85700.00 ns, 85.7000 us/op
WorkloadResult   2: 1 op, 87400.00 ns, 87.4000 us/op
WorkloadResult   3: 1 op, 86000.00 ns, 86.0000 us/op
WorkloadResult   4: 1 op, 88200.00 ns, 88.2000 us/op
WorkloadResult   5: 1 op, 86900.00 ns, 86.9000 us/op
WorkloadResult   6: 1 op, 82400.00 ns, 82.4000 us/op
WorkloadResult   7: 1 op, 84000.00 ns, 84.0000 us/op
WorkloadResult   8: 1 op, 87300.00 ns, 87.3000 us/op
WorkloadResult   9: 1 op, 92800.00 ns, 92.8000 us/op
WorkloadResult  10: 1 op, 91000.00 ns, 91.0000 us/op
WorkloadResult  11: 1 op, 88500.00 ns, 88.5000 us/op
WorkloadResult  12: 1 op, 85400.00 ns, 85.4000 us/op
WorkloadResult  13: 1 op, 82900.00 ns, 82.9000 us/op
WorkloadResult  14: 1 op, 85400.00 ns, 85.4000 us/op
WorkloadResult  15: 1 op, 81600.00 ns, 81.6000 us/op
WorkloadResult  16: 1 op, 80500.00 ns, 80.5000 us/op
WorkloadResult  17: 1 op, 81200.00 ns, 81.2000 us/op
WorkloadResult  18: 1 op, 86800.00 ns, 86.8000 us/op
WorkloadResult  19: 1 op, 83800.00 ns, 83.8000 us/op
WorkloadResult  20: 1 op, 83800.00 ns, 83.8000 us/op
WorkloadResult  21: 1 op, 89200.00 ns, 89.2000 us/op
WorkloadResult  22: 1 op, 80800.00 ns, 80.8000 us/op
WorkloadResult  23: 1 op, 86000.00 ns, 86.0000 us/op
WorkloadResult  24: 1 op, 79600.00 ns, 79.6000 us/op
WorkloadResult  25: 1 op, 85500.00 ns, 85.5000 us/op
WorkloadResult  26: 1 op, 81000.00 ns, 81.0000 us/op
WorkloadResult  27: 1 op, 87400.00 ns, 87.4000 us/op
WorkloadResult  28: 1 op, 82400.00 ns, 82.4000 us/op
WorkloadResult  29: 1 op, 86300.00 ns, 86.3000 us/op
WorkloadResult  30: 1 op, 81300.00 ns, 81.3000 us/op
WorkloadResult  31: 1 op, 81600.00 ns, 81.6000 us/op
WorkloadResult  32: 1 op, 88300.00 ns, 88.3000 us/op
WorkloadResult  33: 1 op, 83800.00 ns, 83.8000 us/op
WorkloadResult  34: 1 op, 83900.00 ns, 83.9000 us/op
WorkloadResult  35: 1 op, 81800.00 ns, 81.8000 us/op
WorkloadResult  36: 1 op, 84100.00 ns, 84.1000 us/op
WorkloadResult  37: 1 op, 82600.00 ns, 82.6000 us/op
WorkloadResult  38: 1 op, 81200.00 ns, 81.2000 us/op
WorkloadResult  39: 1 op, 85200.00 ns, 85.2000 us/op
WorkloadResult  40: 1 op, 81400.00 ns, 81.4000 us/op
WorkloadResult  41: 1 op, 84500.00 ns, 84.5000 us/op
// GC:  0 0 0 2432 1
// Threading:  0 0 1


Mean = 84.622 μs, StdErr = 0.477 μs (0.56%), N = 41, StdDev = 3.056 μs
Min = 79.600 μs, Q1 = 81.800 μs, Median = 84.100 μs, Q3 = 86.800 μs, Max = 92.800 μs
IQR = 5.000 μs, LowerFence = 74.300 μs, UpperFence = 94.300 μs
ConfidenceInterval = [82.927 μs; 86.317 μs] (CI 99.9%), Margin = 1.695 μs (2.00% of Mean)
Skewness = 0.5, Kurtosis = 2.65, MValue = 2

// ** Remained 6 (75.0%) benchmark(s) to run. Estimated finish 2026-06-19 11:11 (0h 1m from now) **
Setup power plan (GUID: 8c5e7fda-e8bf-4a96-9a85-a6e23a8c635c FriendlyName: High performance)
// **************************
// Benchmark: PlaylistCoordinatorBenchmarks.'Sort 10000 items': InProcess(Toolchain=InProcessEmitToolchain, InvocationCount=1, UnrollFactor=1)
// *** Execute ***
// Launch: 1 / 1

// Benchmark Process Environment Information:
// BenchmarkDotNet v0.14.0
// Runtime=.NET 10.0.9 (10.0.926.27113), X64 RyuJIT AVX2
// GC=Concurrent Workstation
// HardwareIntrinsics=AVX2,AES,BMI1,BMI2,FMA,LZCNT,PCLMUL,POPCNT VectorSize=256
// Job: Job-NOZIOL(Toolchain=InProcessEmitToolchain, InvocationCount=1, UnrollFactor=1)

OverheadJitting  1: 1 op, 299200.00 ns, 299.2000 us/op
WorkloadJitting  1: 1 op, 2498400.00 ns, 2.4984 ms/op

OverheadWarmup   1: 1 op, 2300.00 ns, 2.3000 us/op
OverheadWarmup   2: 1 op, 300.00 ns, 300.0000 ns/op
OverheadWarmup   3: 1 op, 500.00 ns, 500.0000 ns/op
OverheadWarmup   4: 1 op, 300.00 ns, 300.0000 ns/op
OverheadWarmup   5: 1 op, 300.00 ns, 300.0000 ns/op
OverheadWarmup   6: 1 op, 300.00 ns, 300.0000 ns/op

OverheadActual   1: 1 op, 700.00 ns, 700.0000 ns/op
OverheadActual   2: 1 op, 400.00 ns, 400.0000 ns/op
OverheadActual   3: 1 op, 300.00 ns, 300.0000 ns/op
OverheadActual   4: 1 op, 500.00 ns, 500.0000 ns/op
OverheadActual   5: 1 op, 200.00 ns, 200.0000 ns/op
OverheadActual   6: 1 op, 400.00 ns, 400.0000 ns/op
OverheadActual   7: 1 op, 500.00 ns, 500.0000 ns/op
OverheadActual   8: 1 op, 7200.00 ns, 7.2000 us/op
OverheadActual   9: 1 op, 600.00 ns, 600.0000 ns/op
OverheadActual  10: 1 op, 400.00 ns, 400.0000 ns/op
OverheadActual  11: 1 op, 400.00 ns, 400.0000 ns/op
OverheadActual  12: 1 op, 500.00 ns, 500.0000 ns/op
OverheadActual  13: 1 op, 500.00 ns, 500.0000 ns/op
OverheadActual  14: 1 op, 300.00 ns, 300.0000 ns/op
OverheadActual  15: 1 op, 2200.00 ns, 2.2000 us/op
OverheadActual  16: 1 op, 400.00 ns, 400.0000 ns/op
OverheadActual  17: 1 op, 500.00 ns, 500.0000 ns/op
OverheadActual  18: 1 op, 300.00 ns, 300.0000 ns/op
OverheadActual  19: 1 op, 200.00 ns, 200.0000 ns/op
OverheadActual  20: 1 op, 200.00 ns, 200.0000 ns/op

WorkloadWarmup   1: 1 op, 2234300.00 ns, 2.2343 ms/op
WorkloadWarmup   2: 1 op, 2096600.00 ns, 2.0966 ms/op
WorkloadWarmup   3: 1 op, 1922200.00 ns, 1.9222 ms/op
WorkloadWarmup   4: 1 op, 2410400.00 ns, 2.4104 ms/op
WorkloadWarmup   5: 1 op, 2222800.00 ns, 2.2228 ms/op
WorkloadWarmup   6: 1 op, 2368000.00 ns, 2.3680 ms/op
WorkloadWarmup   7: 1 op, 1930800.00 ns, 1.9308 ms/op

WorkloadActual   1: 1 op, 2126600.00 ns, 2.1266 ms/op
WorkloadActual   2: 1 op, 2315400.00 ns, 2.3154 ms/op
WorkloadActual   3: 1 op, 2064300.00 ns, 2.0643 ms/op
WorkloadActual   4: 1 op, 2235000.00 ns, 2.2350 ms/op
WorkloadActual   5: 1 op, 2188400.00 ns, 2.1884 ms/op
WorkloadActual   6: 1 op, 2211900.00 ns, 2.2119 ms/op
WorkloadActual   7: 1 op, 2113800.00 ns, 2.1138 ms/op
WorkloadActual   8: 1 op, 2341800.00 ns, 2.3418 ms/op
WorkloadActual   9: 1 op, 2332800.00 ns, 2.3328 ms/op
WorkloadActual  10: 1 op, 2172500.00 ns, 2.1725 ms/op
WorkloadActual  11: 1 op, 2125600.00 ns, 2.1256 ms/op
WorkloadActual  12: 1 op, 2349100.00 ns, 2.3491 ms/op
WorkloadActual  13: 1 op, 2217800.00 ns, 2.2178 ms/op
WorkloadActual  14: 1 op, 2281700.00 ns, 2.2817 ms/op
WorkloadActual  15: 1 op, 2344500.00 ns, 2.3445 ms/op
WorkloadActual  16: 1 op, 2428900.00 ns, 2.4289 ms/op
WorkloadActual  17: 1 op, 2786600.00 ns, 2.7866 ms/op
WorkloadActual  18: 1 op, 2996100.00 ns, 2.9961 ms/op
WorkloadActual  19: 1 op, 2142900.00 ns, 2.1429 ms/op
WorkloadActual  20: 1 op, 2053900.00 ns, 2.0539 ms/op
WorkloadActual  21: 1 op, 2526800.00 ns, 2.5268 ms/op
WorkloadActual  22: 1 op, 2051100.00 ns, 2.0511 ms/op
WorkloadActual  23: 1 op, 2488700.00 ns, 2.4887 ms/op
WorkloadActual  24: 1 op, 2067300.00 ns, 2.0673 ms/op
WorkloadActual  25: 1 op, 2045300.00 ns, 2.0453 ms/op
WorkloadActual  26: 1 op, 4677700.00 ns, 4.6777 ms/op
WorkloadActual  27: 1 op, 2269800.00 ns, 2.2698 ms/op
WorkloadActual  28: 1 op, 2078600.00 ns, 2.0786 ms/op
WorkloadActual  29: 1 op, 2448900.00 ns, 2.4489 ms/op
WorkloadActual  30: 1 op, 3487800.00 ns, 3.4878 ms/op
WorkloadActual  31: 1 op, 2175400.00 ns, 2.1754 ms/op
WorkloadActual  32: 1 op, 3970300.00 ns, 3.9703 ms/op
WorkloadActual  33: 1 op, 2280200.00 ns, 2.2802 ms/op
WorkloadActual  34: 1 op, 3279600.00 ns, 3.2796 ms/op
WorkloadActual  35: 1 op, 2025300.00 ns, 2.0253 ms/op
WorkloadActual  36: 1 op, 4139600.00 ns, 4.1396 ms/op
WorkloadActual  37: 1 op, 2089700.00 ns, 2.0897 ms/op
WorkloadActual  38: 1 op, 2029300.00 ns, 2.0293 ms/op
WorkloadActual  39: 1 op, 2091600.00 ns, 2.0916 ms/op
WorkloadActual  40: 1 op, 2220100.00 ns, 2.2201 ms/op
WorkloadActual  41: 1 op, 2223700.00 ns, 2.2237 ms/op
WorkloadActual  42: 1 op, 2278200.00 ns, 2.2782 ms/op
WorkloadActual  43: 1 op, 2108200.00 ns, 2.1082 ms/op
WorkloadActual  44: 1 op, 2100200.00 ns, 2.1002 ms/op
WorkloadActual  45: 1 op, 2394400.00 ns, 2.3944 ms/op
WorkloadActual  46: 1 op, 2363900.00 ns, 2.3639 ms/op
WorkloadActual  47: 1 op, 2055800.00 ns, 2.0558 ms/op
WorkloadActual  48: 1 op, 2499600.00 ns, 2.4996 ms/op
WorkloadActual  49: 1 op, 2308600.00 ns, 2.3086 ms/op
WorkloadActual  50: 1 op, 2090600.00 ns, 2.0906 ms/op
WorkloadActual  51: 1 op, 2082500.00 ns, 2.0825 ms/op
WorkloadActual  52: 1 op, 2328100.00 ns, 2.3281 ms/op
WorkloadActual  53: 1 op, 2247600.00 ns, 2.2476 ms/op
WorkloadActual  54: 1 op, 2113600.00 ns, 2.1136 ms/op
WorkloadActual  55: 1 op, 3177500.00 ns, 3.1775 ms/op
WorkloadActual  56: 1 op, 3261400.00 ns, 3.2614 ms/op
WorkloadActual  57: 1 op, 2255500.00 ns, 2.2555 ms/op
WorkloadActual  58: 1 op, 2071900.00 ns, 2.0719 ms/op
WorkloadActual  59: 1 op, 2365500.00 ns, 2.3655 ms/op
WorkloadActual  60: 1 op, 3789100.00 ns, 3.7891 ms/op
WorkloadActual  61: 1 op, 2157600.00 ns, 2.1576 ms/op
WorkloadActual  62: 1 op, 3040600.00 ns, 3.0406 ms/op
WorkloadActual  63: 1 op, 2285100.00 ns, 2.2851 ms/op
WorkloadActual  64: 1 op, 2110600.00 ns, 2.1106 ms/op
WorkloadActual  65: 1 op, 2233900.00 ns, 2.2339 ms/op
WorkloadActual  66: 1 op, 2018200.00 ns, 2.0182 ms/op
WorkloadActual  67: 1 op, 2098300.00 ns, 2.0983 ms/op
WorkloadActual  68: 1 op, 2123300.00 ns, 2.1233 ms/op
WorkloadActual  69: 1 op, 2310900.00 ns, 2.3109 ms/op
WorkloadActual  70: 1 op, 2191100.00 ns, 2.1911 ms/op
WorkloadActual  71: 1 op, 2067300.00 ns, 2.0673 ms/op
WorkloadActual  72: 1 op, 2187400.00 ns, 2.1874 ms/op
WorkloadActual  73: 1 op, 2344700.00 ns, 2.3447 ms/op
WorkloadActual  74: 1 op, 2157400.00 ns, 2.1574 ms/op
WorkloadActual  75: 1 op, 2401300.00 ns, 2.4013 ms/op
WorkloadActual  76: 1 op, 2622800.00 ns, 2.6228 ms/op
WorkloadActual  77: 1 op, 2573300.00 ns, 2.5733 ms/op
WorkloadActual  78: 1 op, 3036400.00 ns, 3.0364 ms/op
WorkloadActual  79: 1 op, 2202500.00 ns, 2.2025 ms/op
WorkloadActual  80: 1 op, 2294100.00 ns, 2.2941 ms/op
WorkloadActual  81: 1 op, 2161800.00 ns, 2.1618 ms/op
WorkloadActual  82: 1 op, 2156300.00 ns, 2.1563 ms/op
WorkloadActual  83: 1 op, 2245800.00 ns, 2.2458 ms/op
WorkloadActual  84: 1 op, 2095000.00 ns, 2.0950 ms/op
WorkloadActual  85: 1 op, 3462700.00 ns, 3.4627 ms/op
WorkloadActual  86: 1 op, 2274000.00 ns, 2.2740 ms/op
WorkloadActual  87: 1 op, 2144600.00 ns, 2.1446 ms/op
WorkloadActual  88: 1 op, 2383600.00 ns, 2.3836 ms/op
WorkloadActual  89: 1 op, 2130200.00 ns, 2.1302 ms/op
WorkloadActual  90: 1 op, 1979500.00 ns, 1.9795 ms/op
WorkloadActual  91: 1 op, 2171700.00 ns, 2.1717 ms/op
WorkloadActual  92: 1 op, 2094100.00 ns, 2.0941 ms/op
WorkloadActual  93: 1 op, 2111500.00 ns, 2.1115 ms/op
WorkloadActual  94: 1 op, 2136300.00 ns, 2.1363 ms/op
WorkloadActual  95: 1 op, 2059500.00 ns, 2.0595 ms/op
WorkloadActual  96: 1 op, 2178600.00 ns, 2.1786 ms/op
WorkloadActual  97: 1 op, 2187200.00 ns, 2.1872 ms/op
WorkloadActual  98: 1 op, 2271500.00 ns, 2.2715 ms/op
WorkloadActual  99: 1 op, 2168700.00 ns, 2.1687 ms/op
WorkloadActual  100: 1 op, 3396200.00 ns, 3.3962 ms/op

WorkloadResult   1: 1 op, 2126200.00 ns, 2.1262 ms/op
WorkloadResult   2: 1 op, 2315000.00 ns, 2.3150 ms/op
WorkloadResult   3: 1 op, 2063900.00 ns, 2.0639 ms/op
WorkloadResult   4: 1 op, 2234600.00 ns, 2.2346 ms/op
WorkloadResult   5: 1 op, 2188000.00 ns, 2.1880 ms/op
WorkloadResult   6: 1 op, 2211500.00 ns, 2.2115 ms/op
WorkloadResult   7: 1 op, 2113400.00 ns, 2.1134 ms/op
WorkloadResult   8: 1 op, 2341400.00 ns, 2.3414 ms/op
WorkloadResult   9: 1 op, 2332400.00 ns, 2.3324 ms/op
WorkloadResult  10: 1 op, 2172100.00 ns, 2.1721 ms/op
WorkloadResult  11: 1 op, 2125200.00 ns, 2.1252 ms/op
WorkloadResult  12: 1 op, 2348700.00 ns, 2.3487 ms/op
WorkloadResult  13: 1 op, 2217400.00 ns, 2.2174 ms/op
WorkloadResult  14: 1 op, 2281300.00 ns, 2.2813 ms/op
WorkloadResult  15: 1 op, 2344100.00 ns, 2.3441 ms/op
WorkloadResult  16: 1 op, 2428500.00 ns, 2.4285 ms/op
WorkloadResult  17: 1 op, 2142500.00 ns, 2.1425 ms/op
WorkloadResult  18: 1 op, 2053500.00 ns, 2.0535 ms/op
WorkloadResult  19: 1 op, 2526400.00 ns, 2.5264 ms/op
WorkloadResult  20: 1 op, 2050700.00 ns, 2.0507 ms/op
WorkloadResult  21: 1 op, 2488300.00 ns, 2.4883 ms/op
WorkloadResult  22: 1 op, 2066900.00 ns, 2.0669 ms/op
WorkloadResult  23: 1 op, 2044900.00 ns, 2.0449 ms/op
WorkloadResult  24: 1 op, 2269400.00 ns, 2.2694 ms/op
WorkloadResult  25: 1 op, 2078200.00 ns, 2.0782 ms/op
WorkloadResult  26: 1 op, 2448500.00 ns, 2.4485 ms/op
WorkloadResult  27: 1 op, 2175000.00 ns, 2.1750 ms/op
WorkloadResult  28: 1 op, 2279800.00 ns, 2.2798 ms/op
WorkloadResult  29: 1 op, 2024900.00 ns, 2.0249 ms/op
WorkloadResult  30: 1 op, 2089300.00 ns, 2.0893 ms/op
WorkloadResult  31: 1 op, 2028900.00 ns, 2.0289 ms/op
WorkloadResult  32: 1 op, 2091200.00 ns, 2.0912 ms/op
WorkloadResult  33: 1 op, 2219700.00 ns, 2.2197 ms/op
WorkloadResult  34: 1 op, 2223300.00 ns, 2.2233 ms/op
WorkloadResult  35: 1 op, 2277800.00 ns, 2.2778 ms/op
WorkloadResult  36: 1 op, 2107800.00 ns, 2.1078 ms/op
WorkloadResult  37: 1 op, 2099800.00 ns, 2.0998 ms/op
WorkloadResult  38: 1 op, 2394000.00 ns, 2.3940 ms/op
WorkloadResult  39: 1 op, 2363500.00 ns, 2.3635 ms/op
WorkloadResult  40: 1 op, 2055400.00 ns, 2.0554 ms/op
WorkloadResult  41: 1 op, 2499200.00 ns, 2.4992 ms/op
WorkloadResult  42: 1 op, 2308200.00 ns, 2.3082 ms/op
WorkloadResult  43: 1 op, 2090200.00 ns, 2.0902 ms/op
WorkloadResult  44: 1 op, 2082100.00 ns, 2.0821 ms/op
WorkloadResult  45: 1 op, 2327700.00 ns, 2.3277 ms/op
WorkloadResult  46: 1 op, 2247200.00 ns, 2.2472 ms/op
WorkloadResult  47: 1 op, 2113200.00 ns, 2.1132 ms/op
WorkloadResult  48: 1 op, 2255100.00 ns, 2.2551 ms/op
WorkloadResult  49: 1 op, 2071500.00 ns, 2.0715 ms/op
WorkloadResult  50: 1 op, 2365100.00 ns, 2.3651 ms/op
WorkloadResult  51: 1 op, 2157200.00 ns, 2.1572 ms/op
WorkloadResult  52: 1 op, 2284700.00 ns, 2.2847 ms/op
WorkloadResult  53: 1 op, 2110200.00 ns, 2.1102 ms/op
WorkloadResult  54: 1 op, 2233500.00 ns, 2.2335 ms/op
WorkloadResult  55: 1 op, 2017800.00 ns, 2.0178 ms/op
WorkloadResult  56: 1 op, 2097900.00 ns, 2.0979 ms/op
WorkloadResult  57: 1 op, 2122900.00 ns, 2.1229 ms/op
WorkloadResult  58: 1 op, 2310500.00 ns, 2.3105 ms/op
WorkloadResult  59: 1 op, 2190700.00 ns, 2.1907 ms/op
WorkloadResult  60: 1 op, 2066900.00 ns, 2.0669 ms/op
WorkloadResult  61: 1 op, 2187000.00 ns, 2.1870 ms/op
WorkloadResult  62: 1 op, 2344300.00 ns, 2.3443 ms/op
WorkloadResult  63: 1 op, 2157000.00 ns, 2.1570 ms/op
WorkloadResult  64: 1 op, 2400900.00 ns, 2.4009 ms/op
WorkloadResult  65: 1 op, 2622400.00 ns, 2.6224 ms/op
WorkloadResult  66: 1 op, 2572900.00 ns, 2.5729 ms/op
WorkloadResult  67: 1 op, 2202100.00 ns, 2.2021 ms/op
WorkloadResult  68: 1 op, 2293700.00 ns, 2.2937 ms/op
WorkloadResult  69: 1 op, 2161400.00 ns, 2.1614 ms/op
WorkloadResult  70: 1 op, 2155900.00 ns, 2.1559 ms/op
WorkloadResult  71: 1 op, 2245400.00 ns, 2.2454 ms/op
WorkloadResult  72: 1 op, 2094600.00 ns, 2.0946 ms/op
WorkloadResult  73: 1 op, 2273600.00 ns, 2.2736 ms/op
WorkloadResult  74: 1 op, 2144200.00 ns, 2.1442 ms/op
WorkloadResult  75: 1 op, 2383200.00 ns, 2.3832 ms/op
WorkloadResult  76: 1 op, 2129800.00 ns, 2.1298 ms/op
WorkloadResult  77: 1 op, 1979100.00 ns, 1.9791 ms/op
WorkloadResult  78: 1 op, 2171300.00 ns, 2.1713 ms/op
WorkloadResult  79: 1 op, 2093700.00 ns, 2.0937 ms/op
WorkloadResult  80: 1 op, 2111100.00 ns, 2.1111 ms/op
WorkloadResult  81: 1 op, 2135900.00 ns, 2.1359 ms/op
WorkloadResult  82: 1 op, 2059100.00 ns, 2.0591 ms/op
WorkloadResult  83: 1 op, 2178200.00 ns, 2.1782 ms/op
WorkloadResult  84: 1 op, 2186800.00 ns, 2.1868 ms/op
WorkloadResult  85: 1 op, 2271100.00 ns, 2.2711 ms/op
WorkloadResult  86: 1 op, 2168300.00 ns, 2.1683 ms/op
// GC:  0 0 0 2432 1
// Threading:  0 0 1


Mean = 2.211 ms, StdErr = 0.015 ms (0.67%), N = 86, StdDev = 0.137 ms
Min = 1.979 ms, Q1 = 2.102 ms, Median = 2.183 ms, Q3 = 2.291 ms, Max = 2.622 ms
IQR = 0.190 ms, LowerFence = 1.817 ms, UpperFence = 2.576 ms
ConfidenceInterval = [2.160 ms; 2.261 ms] (CI 99.9%), Margin = 0.050 ms (2.28% of Mean)
Skewness = 0.79, Kurtosis = 3.14, MValue = 2.8

// ** Remained 5 (62.5%) benchmark(s) to run. Estimated finish 2026-06-19 11:12 (0h 1m from now) **
Setup power plan (GUID: 8c5e7fda-e8bf-4a96-9a85-a6e23a8c635c FriendlyName: High performance)
// **************************
// Benchmark: PlaylistCoordinatorBenchmarks.'Shuffle 100 items': InProcess(Toolchain=InProcessEmitToolchain, InvocationCount=1, UnrollFactor=1)
// *** Execute ***
// Launch: 1 / 1

// Benchmark Process Environment Information:
// BenchmarkDotNet v0.14.0
// Runtime=.NET 10.0.9 (10.0.926.27113), X64 RyuJIT AVX2
// GC=Concurrent Workstation
// HardwareIntrinsics=AVX2,AES,BMI1,BMI2,FMA,LZCNT,PCLMUL,POPCNT VectorSize=256
// Job: Job-NOZIOL(Toolchain=InProcessEmitToolchain, InvocationCount=1, UnrollFactor=1)

OverheadJitting  1: 1 op, 271300.00 ns, 271.3000 us/op
WorkloadJitting  1: 1 op, 673200.00 ns, 673.2000 us/op

OverheadWarmup   1: 1 op, 5100.00 ns, 5.1000 us/op
OverheadWarmup   2: 1 op, 200.00 ns, 200.0000 ns/op
OverheadWarmup   3: 1 op, 1000.00 ns, 1.0000 us/op
OverheadWarmup   4: 1 op, 500.00 ns, 500.0000 ns/op
OverheadWarmup   5: 1 op, 400.00 ns, 400.0000 ns/op
OverheadWarmup   6: 1 op, 500.00 ns, 500.0000 ns/op
OverheadWarmup   7: 1 op, 700.00 ns, 700.0000 ns/op
OverheadWarmup   8: 1 op, 800.00 ns, 800.0000 ns/op
OverheadWarmup   9: 1 op, 800.00 ns, 800.0000 ns/op

OverheadActual   1: 1 op, 400.00 ns, 400.0000 ns/op
OverheadActual   2: 1 op, 400.00 ns, 400.0000 ns/op
OverheadActual   3: 1 op, 200.00 ns, 200.0000 ns/op
OverheadActual   4: 1 op, 700.00 ns, 700.0000 ns/op
OverheadActual   5: 1 op, 500.00 ns, 500.0000 ns/op
OverheadActual   6: 1 op, 900.00 ns, 900.0000 ns/op
OverheadActual   7: 1 op, 300.00 ns, 300.0000 ns/op
OverheadActual   8: 1 op, 300.00 ns, 300.0000 ns/op
OverheadActual   9: 1 op, 300.00 ns, 300.0000 ns/op
OverheadActual  10: 1 op, 200.00 ns, 200.0000 ns/op
OverheadActual  11: 1 op, 400.00 ns, 400.0000 ns/op
OverheadActual  12: 1 op, 700.00 ns, 700.0000 ns/op
OverheadActual  13: 1 op, 500.00 ns, 500.0000 ns/op
OverheadActual  14: 1 op, 500.00 ns, 500.0000 ns/op
OverheadActual  15: 1 op, 400.00 ns, 400.0000 ns/op
OverheadActual  16: 1 op, 600.00 ns, 600.0000 ns/op
OverheadActual  17: 1 op, 500.00 ns, 500.0000 ns/op
OverheadActual  18: 1 op, 700.00 ns, 700.0000 ns/op
OverheadActual  19: 1 op, 400.00 ns, 400.0000 ns/op
OverheadActual  20: 1 op, 300.00 ns, 300.0000 ns/op

WorkloadWarmup   1: 1 op, 18200.00 ns, 18.2000 us/op
WorkloadWarmup   2: 1 op, 8200.00 ns, 8.2000 us/op
WorkloadWarmup   3: 1 op, 7800.00 ns, 7.8000 us/op
WorkloadWarmup   4: 1 op, 8100.00 ns, 8.1000 us/op
WorkloadWarmup   5: 1 op, 10700.00 ns, 10.7000 us/op
WorkloadWarmup   6: 1 op, 8500.00 ns, 8.5000 us/op
WorkloadWarmup   7: 1 op, 8300.00 ns, 8.3000 us/op
WorkloadWarmup   8: 1 op, 9500.00 ns, 9.5000 us/op
WorkloadWarmup   9: 1 op, 7700.00 ns, 7.7000 us/op

WorkloadActual   1: 1 op, 8800.00 ns, 8.8000 us/op
WorkloadActual   2: 1 op, 7100.00 ns, 7.1000 us/op
WorkloadActual   3: 1 op, 9400.00 ns, 9.4000 us/op
WorkloadActual   4: 1 op, 7000.00 ns, 7.0000 us/op
WorkloadActual   5: 1 op, 7900.00 ns, 7.9000 us/op
WorkloadActual   6: 1 op, 7900.00 ns, 7.9000 us/op
WorkloadActual   7: 1 op, 7200.00 ns, 7.2000 us/op
WorkloadActual   8: 1 op, 6900.00 ns, 6.9000 us/op
WorkloadActual   9: 1 op, 8900.00 ns, 8.9000 us/op
WorkloadActual  10: 1 op, 7700.00 ns, 7.7000 us/op
WorkloadActual  11: 1 op, 7700.00 ns, 7.7000 us/op
WorkloadActual  12: 1 op, 8000.00 ns, 8.0000 us/op
WorkloadActual  13: 1 op, 7900.00 ns, 7.9000 us/op
WorkloadActual  14: 1 op, 8900.00 ns, 8.9000 us/op
WorkloadActual  15: 1 op, 8200.00 ns, 8.2000 us/op
WorkloadActual  16: 1 op, 8500.00 ns, 8.5000 us/op
WorkloadActual  17: 1 op, 9700.00 ns, 9.7000 us/op
WorkloadActual  18: 1 op, 9000.00 ns, 9.0000 us/op
WorkloadActual  19: 1 op, 7700.00 ns, 7.7000 us/op
WorkloadActual  20: 1 op, 7900.00 ns, 7.9000 us/op
WorkloadActual  21: 1 op, 125800.00 ns, 125.8000 us/op
WorkloadActual  22: 1 op, 7200.00 ns, 7.2000 us/op
WorkloadActual  23: 1 op, 10100.00 ns, 10.1000 us/op
WorkloadActual  24: 1 op, 7800.00 ns, 7.8000 us/op
WorkloadActual  25: 1 op, 9500.00 ns, 9.5000 us/op
WorkloadActual  26: 1 op, 8700.00 ns, 8.7000 us/op
WorkloadActual  27: 1 op, 72700.00 ns, 72.7000 us/op
WorkloadActual  28: 1 op, 11300.00 ns, 11.3000 us/op
WorkloadActual  29: 1 op, 8000.00 ns, 8.0000 us/op
WorkloadActual  30: 1 op, 7700.00 ns, 7.7000 us/op
WorkloadActual  31: 1 op, 8600.00 ns, 8.6000 us/op
WorkloadActual  32: 1 op, 10800.00 ns, 10.8000 us/op
WorkloadActual  33: 1 op, 8600.00 ns, 8.6000 us/op
WorkloadActual  34: 1 op, 7600.00 ns, 7.6000 us/op
WorkloadActual  35: 1 op, 8600.00 ns, 8.6000 us/op
WorkloadActual  36: 1 op, 7200.00 ns, 7.2000 us/op
WorkloadActual  37: 1 op, 7400.00 ns, 7.4000 us/op
WorkloadActual  38: 1 op, 8100.00 ns, 8.1000 us/op
WorkloadActual  39: 1 op, 7600.00 ns, 7.6000 us/op
WorkloadActual  40: 1 op, 8100.00 ns, 8.1000 us/op
WorkloadActual  41: 1 op, 7500.00 ns, 7.5000 us/op
WorkloadActual  42: 1 op, 8000.00 ns, 8.0000 us/op
WorkloadActual  43: 1 op, 8900.00 ns, 8.9000 us/op
WorkloadActual  44: 1 op, 7900.00 ns, 7.9000 us/op
WorkloadActual  45: 1 op, 7500.00 ns, 7.5000 us/op
WorkloadActual  46: 1 op, 7100.00 ns, 7.1000 us/op
WorkloadActual  47: 1 op, 7800.00 ns, 7.8000 us/op
WorkloadActual  48: 1 op, 7900.00 ns, 7.9000 us/op
WorkloadActual  49: 1 op, 8800.00 ns, 8.8000 us/op
WorkloadActual  50: 1 op, 9200.00 ns, 9.2000 us/op
WorkloadActual  51: 1 op, 126500.00 ns, 126.5000 us/op
WorkloadActual  52: 1 op, 2500.00 ns, 2.5000 us/op
WorkloadActual  53: 1 op, 2400.00 ns, 2.4000 us/op
WorkloadActual  54: 1 op, 2800.00 ns, 2.8000 us/op
WorkloadActual  55: 1 op, 3700.00 ns, 3.7000 us/op
WorkloadActual  56: 1 op, 2900.00 ns, 2.9000 us/op
WorkloadActual  57: 1 op, 3300.00 ns, 3.3000 us/op
WorkloadActual  58: 1 op, 4500.00 ns, 4.5000 us/op
WorkloadActual  59: 1 op, 2800.00 ns, 2.8000 us/op
WorkloadActual  60: 1 op, 2900.00 ns, 2.9000 us/op
WorkloadActual  61: 1 op, 3400.00 ns, 3.4000 us/op
WorkloadActual  62: 1 op, 2700.00 ns, 2.7000 us/op
WorkloadActual  63: 1 op, 3000.00 ns, 3.0000 us/op
WorkloadActual  64: 1 op, 2300.00 ns, 2.3000 us/op
WorkloadActual  65: 1 op, 2400.00 ns, 2.4000 us/op
WorkloadActual  66: 1 op, 3000.00 ns, 3.0000 us/op
WorkloadActual  67: 1 op, 2900.00 ns, 2.9000 us/op
WorkloadActual  68: 1 op, 2500.00 ns, 2.5000 us/op
WorkloadActual  69: 1 op, 3200.00 ns, 3.2000 us/op
WorkloadActual  70: 1 op, 2400.00 ns, 2.4000 us/op
WorkloadActual  71: 1 op, 2800.00 ns, 2.8000 us/op
WorkloadActual  72: 1 op, 2400.00 ns, 2.4000 us/op
WorkloadActual  73: 1 op, 3300.00 ns, 3.3000 us/op
WorkloadActual  74: 1 op, 3000.00 ns, 3.0000 us/op
WorkloadActual  75: 1 op, 2500.00 ns, 2.5000 us/op
WorkloadActual  76: 1 op, 2300.00 ns, 2.3000 us/op
WorkloadActual  77: 1 op, 2800.00 ns, 2.8000 us/op
WorkloadActual  78: 1 op, 2500.00 ns, 2.5000 us/op
WorkloadActual  79: 1 op, 2900.00 ns, 2.9000 us/op
WorkloadActual  80: 1 op, 2800.00 ns, 2.8000 us/op
WorkloadActual  81: 1 op, 2600.00 ns, 2.6000 us/op
WorkloadActual  82: 1 op, 2700.00 ns, 2.7000 us/op
WorkloadActual  83: 1 op, 2500.00 ns, 2.5000 us/op
WorkloadActual  84: 1 op, 3100.00 ns, 3.1000 us/op
WorkloadActual  85: 1 op, 2200.00 ns, 2.2000 us/op
WorkloadActual  86: 1 op, 3100.00 ns, 3.1000 us/op
WorkloadActual  87: 1 op, 2500.00 ns, 2.5000 us/op
WorkloadActual  88: 1 op, 2100.00 ns, 2.1000 us/op
WorkloadActual  89: 1 op, 2900.00 ns, 2.9000 us/op
WorkloadActual  90: 1 op, 2900.00 ns, 2.9000 us/op
WorkloadActual  91: 1 op, 2400.00 ns, 2.4000 us/op
WorkloadActual  92: 1 op, 2400.00 ns, 2.4000 us/op
WorkloadActual  93: 1 op, 2500.00 ns, 2.5000 us/op
WorkloadActual  94: 1 op, 2500.00 ns, 2.5000 us/op
WorkloadActual  95: 1 op, 3600.00 ns, 3.6000 us/op
WorkloadActual  96: 1 op, 2800.00 ns, 2.8000 us/op
WorkloadActual  97: 1 op, 2700.00 ns, 2.7000 us/op
WorkloadActual  98: 1 op, 2800.00 ns, 2.8000 us/op
WorkloadActual  99: 1 op, 2700.00 ns, 2.7000 us/op
WorkloadActual  100: 1 op, 1800.00 ns, 1.8000 us/op

WorkloadResult   1: 1 op, 8400.00 ns, 8.4000 us/op
WorkloadResult   2: 1 op, 6700.00 ns, 6.7000 us/op
WorkloadResult   3: 1 op, 9000.00 ns, 9.0000 us/op
WorkloadResult   4: 1 op, 6600.00 ns, 6.6000 us/op
WorkloadResult   5: 1 op, 7500.00 ns, 7.5000 us/op
WorkloadResult   6: 1 op, 7500.00 ns, 7.5000 us/op
WorkloadResult   7: 1 op, 6800.00 ns, 6.8000 us/op
WorkloadResult   8: 1 op, 6500.00 ns, 6.5000 us/op
WorkloadResult   9: 1 op, 8500.00 ns, 8.5000 us/op
WorkloadResult  10: 1 op, 7300.00 ns, 7.3000 us/op
WorkloadResult  11: 1 op, 7300.00 ns, 7.3000 us/op
WorkloadResult  12: 1 op, 7600.00 ns, 7.6000 us/op
WorkloadResult  13: 1 op, 7500.00 ns, 7.5000 us/op
WorkloadResult  14: 1 op, 8500.00 ns, 8.5000 us/op
WorkloadResult  15: 1 op, 7800.00 ns, 7.8000 us/op
WorkloadResult  16: 1 op, 8100.00 ns, 8.1000 us/op
WorkloadResult  17: 1 op, 9300.00 ns, 9.3000 us/op
WorkloadResult  18: 1 op, 8600.00 ns, 8.6000 us/op
WorkloadResult  19: 1 op, 7300.00 ns, 7.3000 us/op
WorkloadResult  20: 1 op, 7500.00 ns, 7.5000 us/op
WorkloadResult  21: 1 op, 6800.00 ns, 6.8000 us/op
WorkloadResult  22: 1 op, 9700.00 ns, 9.7000 us/op
WorkloadResult  23: 1 op, 7400.00 ns, 7.4000 us/op
WorkloadResult  24: 1 op, 9100.00 ns, 9.1000 us/op
WorkloadResult  25: 1 op, 8300.00 ns, 8.3000 us/op
WorkloadResult  26: 1 op, 10900.00 ns, 10.9000 us/op
WorkloadResult  27: 1 op, 7600.00 ns, 7.6000 us/op
WorkloadResult  28: 1 op, 7300.00 ns, 7.3000 us/op
WorkloadResult  29: 1 op, 8200.00 ns, 8.2000 us/op
WorkloadResult  30: 1 op, 10400.00 ns, 10.4000 us/op
WorkloadResult  31: 1 op, 8200.00 ns, 8.2000 us/op
WorkloadResult  32: 1 op, 7200.00 ns, 7.2000 us/op
WorkloadResult  33: 1 op, 8200.00 ns, 8.2000 us/op
WorkloadResult  34: 1 op, 6800.00 ns, 6.8000 us/op
WorkloadResult  35: 1 op, 7000.00 ns, 7.0000 us/op
WorkloadResult  36: 1 op, 7700.00 ns, 7.7000 us/op
WorkloadResult  37: 1 op, 7200.00 ns, 7.2000 us/op
WorkloadResult  38: 1 op, 7700.00 ns, 7.7000 us/op
WorkloadResult  39: 1 op, 7100.00 ns, 7.1000 us/op
WorkloadResult  40: 1 op, 7600.00 ns, 7.6000 us/op
WorkloadResult  41: 1 op, 8500.00 ns, 8.5000 us/op
WorkloadResult  42: 1 op, 7500.00 ns, 7.5000 us/op
WorkloadResult  43: 1 op, 7100.00 ns, 7.1000 us/op
WorkloadResult  44: 1 op, 6700.00 ns, 6.7000 us/op
WorkloadResult  45: 1 op, 7400.00 ns, 7.4000 us/op
WorkloadResult  46: 1 op, 7500.00 ns, 7.5000 us/op
WorkloadResult  47: 1 op, 8400.00 ns, 8.4000 us/op
WorkloadResult  48: 1 op, 8800.00 ns, 8.8000 us/op
WorkloadResult  49: 1 op, 2100.00 ns, 2.1000 us/op
WorkloadResult  50: 1 op, 2000.00 ns, 2.0000 us/op
WorkloadResult  51: 1 op, 2400.00 ns, 2.4000 us/op
WorkloadResult  52: 1 op, 3300.00 ns, 3.3000 us/op
WorkloadResult  53: 1 op, 2500.00 ns, 2.5000 us/op
WorkloadResult  54: 1 op, 2900.00 ns, 2.9000 us/op
WorkloadResult  55: 1 op, 4100.00 ns, 4.1000 us/op
WorkloadResult  56: 1 op, 2400.00 ns, 2.4000 us/op
WorkloadResult  57: 1 op, 2500.00 ns, 2.5000 us/op
WorkloadResult  58: 1 op, 3000.00 ns, 3.0000 us/op
WorkloadResult  59: 1 op, 2300.00 ns, 2.3000 us/op
WorkloadResult  60: 1 op, 2600.00 ns, 2.6000 us/op
WorkloadResult  61: 1 op, 1900.00 ns, 1.9000 us/op
WorkloadResult  62: 1 op, 2000.00 ns, 2.0000 us/op
WorkloadResult  63: 1 op, 2600.00 ns, 2.6000 us/op
WorkloadResult  64: 1 op, 2500.00 ns, 2.5000 us/op
WorkloadResult  65: 1 op, 2100.00 ns, 2.1000 us/op
WorkloadResult  66: 1 op, 2800.00 ns, 2.8000 us/op
WorkloadResult  67: 1 op, 2000.00 ns, 2.0000 us/op
WorkloadResult  68: 1 op, 2400.00 ns, 2.4000 us/op
WorkloadResult  69: 1 op, 2000.00 ns, 2.0000 us/op
WorkloadResult  70: 1 op, 2900.00 ns, 2.9000 us/op
WorkloadResult  71: 1 op, 2600.00 ns, 2.6000 us/op
WorkloadResult  72: 1 op, 2100.00 ns, 2.1000 us/op
WorkloadResult  73: 1 op, 1900.00 ns, 1.9000 us/op
WorkloadResult  74: 1 op, 2400.00 ns, 2.4000 us/op
WorkloadResult  75: 1 op, 2100.00 ns, 2.1000 us/op
WorkloadResult  76: 1 op, 2500.00 ns, 2.5000 us/op
WorkloadResult  77: 1 op, 2400.00 ns, 2.4000 us/op
WorkloadResult  78: 1 op, 2200.00 ns, 2.2000 us/op
WorkloadResult  79: 1 op, 2300.00 ns, 2.3000 us/op
WorkloadResult  80: 1 op, 2100.00 ns, 2.1000 us/op
WorkloadResult  81: 1 op, 2700.00 ns, 2.7000 us/op
WorkloadResult  82: 1 op, 1800.00 ns, 1.8000 us/op
WorkloadResult  83: 1 op, 2700.00 ns, 2.7000 us/op
WorkloadResult  84: 1 op, 2100.00 ns, 2.1000 us/op
WorkloadResult  85: 1 op, 1700.00 ns, 1.7000 us/op
WorkloadResult  86: 1 op, 2500.00 ns, 2.5000 us/op
WorkloadResult  87: 1 op, 2500.00 ns, 2.5000 us/op
WorkloadResult  88: 1 op, 2000.00 ns, 2.0000 us/op
WorkloadResult  89: 1 op, 2000.00 ns, 2.0000 us/op
WorkloadResult  90: 1 op, 2100.00 ns, 2.1000 us/op
WorkloadResult  91: 1 op, 2100.00 ns, 2.1000 us/op
WorkloadResult  92: 1 op, 3200.00 ns, 3.2000 us/op
WorkloadResult  93: 1 op, 2400.00 ns, 2.4000 us/op
WorkloadResult  94: 1 op, 2300.00 ns, 2.3000 us/op
WorkloadResult  95: 1 op, 2400.00 ns, 2.4000 us/op
WorkloadResult  96: 1 op, 2300.00 ns, 2.3000 us/op
WorkloadResult  97: 1 op, 1400.00 ns, 1.4000 us/op
// GC:  0 0 0 1360 1
// Threading:  0 0 1


Mean = 5.079 μs, StdErr = 0.289 μs (5.70%), N = 97, StdDev = 2.850 μs
Min = 1.400 μs, Q1 = 2.400 μs, Median = 4.100 μs, Q3 = 7.500 μs, Max = 10.900 μs
IQR = 5.100 μs, LowerFence = -5.250 μs, UpperFence = 15.150 μs
ConfidenceInterval = [4.097 μs; 6.062 μs] (CI 99.9%), Margin = 0.982 μs (19.34% of Mean)
Skewness = 0.16, Kurtosis = 1.33, MValue = 3.88

// ** Remained 4 (50.0%) benchmark(s) to run. Estimated finish 2026-06-19 11:12 (0h 1m from now) **
Setup power plan (GUID: 8c5e7fda-e8bf-4a96-9a85-a6e23a8c635c FriendlyName: High performance)
// **************************
// Benchmark: PlaylistCoordinatorBenchmarks.'Shuffle 10000 items': InProcess(Toolchain=InProcessEmitToolchain, InvocationCount=1, UnrollFactor=1)
// *** Execute ***
// Launch: 1 / 1

// Benchmark Process Environment Information:
// BenchmarkDotNet v0.14.0
// Runtime=.NET 10.0.9 (10.0.926.27113), X64 RyuJIT AVX2
// GC=Concurrent Workstation
// HardwareIntrinsics=AVX2,AES,BMI1,BMI2,FMA,LZCNT,PCLMUL,POPCNT VectorSize=256
// Job: Job-NOZIOL(Toolchain=InProcessEmitToolchain, InvocationCount=1, UnrollFactor=1)

OverheadJitting  1: 1 op, 269200.00 ns, 269.2000 us/op
WorkloadJitting  1: 1 op, 428500.00 ns, 428.5000 us/op

OverheadWarmup   1: 1 op, 2500.00 ns, 2.5000 us/op
OverheadWarmup   2: 1 op, 400.00 ns, 400.0000 ns/op
OverheadWarmup   3: 1 op, 500.00 ns, 500.0000 ns/op
OverheadWarmup   4: 1 op, 1100.00 ns, 1.1000 us/op
OverheadWarmup   5: 1 op, 400.00 ns, 400.0000 ns/op
OverheadWarmup   6: 1 op, 200.00 ns, 200.0000 ns/op
OverheadWarmup   7: 1 op, 300.00 ns, 300.0000 ns/op
OverheadWarmup   8: 1 op, 300.00 ns, 300.0000 ns/op

OverheadActual   1: 1 op, 400.00 ns, 400.0000 ns/op
OverheadActual   2: 1 op, 300.00 ns, 300.0000 ns/op
OverheadActual   3: 1 op, 300.00 ns, 300.0000 ns/op
OverheadActual   4: 1 op, 400.00 ns, 400.0000 ns/op
OverheadActual   5: 1 op, 300.00 ns, 300.0000 ns/op
OverheadActual   6: 1 op, 200.00 ns, 200.0000 ns/op
OverheadActual   7: 1 op, 300.00 ns, 300.0000 ns/op
OverheadActual   8: 1 op, 500.00 ns, 500.0000 ns/op
OverheadActual   9: 1 op, 900.00 ns, 900.0000 ns/op
OverheadActual  10: 1 op, 800.00 ns, 800.0000 ns/op
OverheadActual  11: 1 op, 500.00 ns, 500.0000 ns/op
OverheadActual  12: 1 op, 300.00 ns, 300.0000 ns/op
OverheadActual  13: 1 op, 400.00 ns, 400.0000 ns/op
OverheadActual  14: 1 op, 300.00 ns, 300.0000 ns/op
OverheadActual  15: 1 op, 600.00 ns, 600.0000 ns/op
OverheadActual  16: 1 op, 400.00 ns, 400.0000 ns/op
OverheadActual  17: 1 op, 300.00 ns, 300.0000 ns/op
OverheadActual  18: 1 op, 500.00 ns, 500.0000 ns/op
OverheadActual  19: 1 op, 400.00 ns, 400.0000 ns/op
OverheadActual  20: 1 op, 200.00 ns, 200.0000 ns/op

WorkloadWarmup   1: 1 op, 111900.00 ns, 111.9000 us/op
WorkloadWarmup   2: 1 op, 94800.00 ns, 94.8000 us/op
WorkloadWarmup   3: 1 op, 133000.00 ns, 133.0000 us/op
WorkloadWarmup   4: 1 op, 117700.00 ns, 117.7000 us/op
WorkloadWarmup   5: 1 op, 92000.00 ns, 92.0000 us/op
WorkloadWarmup   6: 1 op, 170800.00 ns, 170.8000 us/op
WorkloadWarmup   7: 1 op, 92500.00 ns, 92.5000 us/op

WorkloadActual   1: 1 op, 110400.00 ns, 110.4000 us/op
WorkloadActual   2: 1 op, 91200.00 ns, 91.2000 us/op
WorkloadActual   3: 1 op, 93600.00 ns, 93.6000 us/op
WorkloadActual   4: 1 op, 105200.00 ns, 105.2000 us/op
WorkloadActual   5: 1 op, 76900.00 ns, 76.9000 us/op
WorkloadActual   6: 1 op, 96100.00 ns, 96.1000 us/op
WorkloadActual   7: 1 op, 118700.00 ns, 118.7000 us/op
WorkloadActual   8: 1 op, 91400.00 ns, 91.4000 us/op
WorkloadActual   9: 1 op, 81300.00 ns, 81.3000 us/op
WorkloadActual  10: 1 op, 130000.00 ns, 130.0000 us/op
WorkloadActual  11: 1 op, 88600.00 ns, 88.6000 us/op
WorkloadActual  12: 1 op, 140600.00 ns, 140.6000 us/op
WorkloadActual  13: 1 op, 82800.00 ns, 82.8000 us/op
WorkloadActual  14: 1 op, 91200.00 ns, 91.2000 us/op
WorkloadActual  15: 1 op, 127600.00 ns, 127.6000 us/op
WorkloadActual  16: 1 op, 90800.00 ns, 90.8000 us/op
WorkloadActual  17: 1 op, 87600.00 ns, 87.6000 us/op
WorkloadActual  18: 1 op, 90300.00 ns, 90.3000 us/op
WorkloadActual  19: 1 op, 127900.00 ns, 127.9000 us/op
WorkloadActual  20: 1 op, 96300.00 ns, 96.3000 us/op
WorkloadActual  21: 1 op, 91300.00 ns, 91.3000 us/op
WorkloadActual  22: 1 op, 90900.00 ns, 90.9000 us/op
WorkloadActual  23: 1 op, 242000.00 ns, 242.0000 us/op
WorkloadActual  24: 1 op, 93700.00 ns, 93.7000 us/op
WorkloadActual  25: 1 op, 96500.00 ns, 96.5000 us/op
WorkloadActual  26: 1 op, 98700.00 ns, 98.7000 us/op
WorkloadActual  27: 1 op, 89100.00 ns, 89.1000 us/op
WorkloadActual  28: 1 op, 131600.00 ns, 131.6000 us/op
WorkloadActual  29: 1 op, 88100.00 ns, 88.1000 us/op
WorkloadActual  30: 1 op, 107400.00 ns, 107.4000 us/op
WorkloadActual  31: 1 op, 98900.00 ns, 98.9000 us/op
WorkloadActual  32: 1 op, 114100.00 ns, 114.1000 us/op
WorkloadActual  33: 1 op, 92800.00 ns, 92.8000 us/op
WorkloadActual  34: 1 op, 84300.00 ns, 84.3000 us/op
WorkloadActual  35: 1 op, 90300.00 ns, 90.3000 us/op
WorkloadActual  36: 1 op, 249800.00 ns, 249.8000 us/op
WorkloadActual  37: 1 op, 88600.00 ns, 88.6000 us/op
WorkloadActual  38: 1 op, 98900.00 ns, 98.9000 us/op
WorkloadActual  39: 1 op, 129600.00 ns, 129.6000 us/op
WorkloadActual  40: 1 op, 88100.00 ns, 88.1000 us/op
WorkloadActual  41: 1 op, 89100.00 ns, 89.1000 us/op
WorkloadActual  42: 1 op, 146000.00 ns, 146.0000 us/op
WorkloadActual  43: 1 op, 84400.00 ns, 84.4000 us/op
WorkloadActual  44: 1 op, 87500.00 ns, 87.5000 us/op
WorkloadActual  45: 1 op, 136700.00 ns, 136.7000 us/op
WorkloadActual  46: 1 op, 85100.00 ns, 85.1000 us/op
WorkloadActual  47: 1 op, 108200.00 ns, 108.2000 us/op
WorkloadActual  48: 1 op, 96300.00 ns, 96.3000 us/op
WorkloadActual  49: 1 op, 92200.00 ns, 92.2000 us/op
WorkloadActual  50: 1 op, 146300.00 ns, 146.3000 us/op
WorkloadActual  51: 1 op, 80800.00 ns, 80.8000 us/op
WorkloadActual  52: 1 op, 85600.00 ns, 85.6000 us/op
WorkloadActual  53: 1 op, 225000.00 ns, 225.0000 us/op
WorkloadActual  54: 1 op, 88300.00 ns, 88.3000 us/op
WorkloadActual  55: 1 op, 89900.00 ns, 89.9000 us/op
WorkloadActual  56: 1 op, 82300.00 ns, 82.3000 us/op
WorkloadActual  57: 1 op, 96700.00 ns, 96.7000 us/op
WorkloadActual  58: 1 op, 93800.00 ns, 93.8000 us/op
WorkloadActual  59: 1 op, 100100.00 ns, 100.1000 us/op
WorkloadActual  60: 1 op, 92400.00 ns, 92.4000 us/op
WorkloadActual  61: 1 op, 89200.00 ns, 89.2000 us/op
WorkloadActual  62: 1 op, 85400.00 ns, 85.4000 us/op
WorkloadActual  63: 1 op, 130600.00 ns, 130.6000 us/op
WorkloadActual  64: 1 op, 91400.00 ns, 91.4000 us/op
WorkloadActual  65: 1 op, 157100.00 ns, 157.1000 us/op
WorkloadActual  66: 1 op, 93900.00 ns, 93.9000 us/op
WorkloadActual  67: 1 op, 92000.00 ns, 92.0000 us/op
WorkloadActual  68: 1 op, 96200.00 ns, 96.2000 us/op
WorkloadActual  69: 1 op, 103900.00 ns, 103.9000 us/op
WorkloadActual  70: 1 op, 89600.00 ns, 89.6000 us/op
WorkloadActual  71: 1 op, 82800.00 ns, 82.8000 us/op
WorkloadActual  72: 1 op, 93000.00 ns, 93.0000 us/op
WorkloadActual  73: 1 op, 88900.00 ns, 88.9000 us/op
WorkloadActual  74: 1 op, 121100.00 ns, 121.1000 us/op
WorkloadActual  75: 1 op, 96800.00 ns, 96.8000 us/op
WorkloadActual  76: 1 op, 95600.00 ns, 95.6000 us/op
WorkloadActual  77: 1 op, 91700.00 ns, 91.7000 us/op
WorkloadActual  78: 1 op, 111200.00 ns, 111.2000 us/op
WorkloadActual  79: 1 op, 92900.00 ns, 92.9000 us/op
WorkloadActual  80: 1 op, 93100.00 ns, 93.1000 us/op
WorkloadActual  81: 1 op, 88800.00 ns, 88.8000 us/op
WorkloadActual  82: 1 op, 91200.00 ns, 91.2000 us/op
WorkloadActual  83: 1 op, 86600.00 ns, 86.6000 us/op
WorkloadActual  84: 1 op, 136500.00 ns, 136.5000 us/op
WorkloadActual  85: 1 op, 87700.00 ns, 87.7000 us/op
WorkloadActual  86: 1 op, 92200.00 ns, 92.2000 us/op
WorkloadActual  87: 1 op, 81400.00 ns, 81.4000 us/op
WorkloadActual  88: 1 op, 94100.00 ns, 94.1000 us/op
WorkloadActual  89: 1 op, 83000.00 ns, 83.0000 us/op
WorkloadActual  90: 1 op, 86900.00 ns, 86.9000 us/op
WorkloadActual  91: 1 op, 93400.00 ns, 93.4000 us/op
WorkloadActual  92: 1 op, 123800.00 ns, 123.8000 us/op
WorkloadActual  93: 1 op, 107300.00 ns, 107.3000 us/op
WorkloadActual  94: 1 op, 124600.00 ns, 124.6000 us/op
WorkloadActual  95: 1 op, 85300.00 ns, 85.3000 us/op
WorkloadActual  96: 1 op, 96900.00 ns, 96.9000 us/op
WorkloadActual  97: 1 op, 98100.00 ns, 98.1000 us/op
WorkloadActual  98: 1 op, 95100.00 ns, 95.1000 us/op
WorkloadActual  99: 1 op, 80100.00 ns, 80.1000 us/op
WorkloadActual  100: 1 op, 90600.00 ns, 90.6000 us/op

WorkloadResult   1: 1 op, 110000.00 ns, 110.0000 us/op
WorkloadResult   2: 1 op, 90800.00 ns, 90.8000 us/op
WorkloadResult   3: 1 op, 93200.00 ns, 93.2000 us/op
WorkloadResult   4: 1 op, 104800.00 ns, 104.8000 us/op
WorkloadResult   5: 1 op, 76500.00 ns, 76.5000 us/op
WorkloadResult   6: 1 op, 95700.00 ns, 95.7000 us/op
WorkloadResult   7: 1 op, 118300.00 ns, 118.3000 us/op
WorkloadResult   8: 1 op, 91000.00 ns, 91.0000 us/op
WorkloadResult   9: 1 op, 80900.00 ns, 80.9000 us/op
WorkloadResult  10: 1 op, 129600.00 ns, 129.6000 us/op
WorkloadResult  11: 1 op, 88200.00 ns, 88.2000 us/op
WorkloadResult  12: 1 op, 82400.00 ns, 82.4000 us/op
WorkloadResult  13: 1 op, 90800.00 ns, 90.8000 us/op
WorkloadResult  14: 1 op, 127200.00 ns, 127.2000 us/op
WorkloadResult  15: 1 op, 90400.00 ns, 90.4000 us/op
WorkloadResult  16: 1 op, 87200.00 ns, 87.2000 us/op
WorkloadResult  17: 1 op, 89900.00 ns, 89.9000 us/op
WorkloadResult  18: 1 op, 127500.00 ns, 127.5000 us/op
WorkloadResult  19: 1 op, 95900.00 ns, 95.9000 us/op
WorkloadResult  20: 1 op, 90900.00 ns, 90.9000 us/op
WorkloadResult  21: 1 op, 90500.00 ns, 90.5000 us/op
WorkloadResult  22: 1 op, 93300.00 ns, 93.3000 us/op
WorkloadResult  23: 1 op, 96100.00 ns, 96.1000 us/op
WorkloadResult  24: 1 op, 98300.00 ns, 98.3000 us/op
WorkloadResult  25: 1 op, 88700.00 ns, 88.7000 us/op
WorkloadResult  26: 1 op, 87700.00 ns, 87.7000 us/op
WorkloadResult  27: 1 op, 107000.00 ns, 107.0000 us/op
WorkloadResult  28: 1 op, 98500.00 ns, 98.5000 us/op
WorkloadResult  29: 1 op, 113700.00 ns, 113.7000 us/op
WorkloadResult  30: 1 op, 92400.00 ns, 92.4000 us/op
WorkloadResult  31: 1 op, 83900.00 ns, 83.9000 us/op
WorkloadResult  32: 1 op, 89900.00 ns, 89.9000 us/op
WorkloadResult  33: 1 op, 88200.00 ns, 88.2000 us/op
WorkloadResult  34: 1 op, 98500.00 ns, 98.5000 us/op
WorkloadResult  35: 1 op, 129200.00 ns, 129.2000 us/op
WorkloadResult  36: 1 op, 87700.00 ns, 87.7000 us/op
WorkloadResult  37: 1 op, 88700.00 ns, 88.7000 us/op
WorkloadResult  38: 1 op, 84000.00 ns, 84.0000 us/op
WorkloadResult  39: 1 op, 87100.00 ns, 87.1000 us/op
WorkloadResult  40: 1 op, 84700.00 ns, 84.7000 us/op
WorkloadResult  41: 1 op, 107800.00 ns, 107.8000 us/op
WorkloadResult  42: 1 op, 95900.00 ns, 95.9000 us/op
WorkloadResult  43: 1 op, 91800.00 ns, 91.8000 us/op
WorkloadResult  44: 1 op, 80400.00 ns, 80.4000 us/op
WorkloadResult  45: 1 op, 85200.00 ns, 85.2000 us/op
WorkloadResult  46: 1 op, 87900.00 ns, 87.9000 us/op
WorkloadResult  47: 1 op, 89500.00 ns, 89.5000 us/op
WorkloadResult  48: 1 op, 81900.00 ns, 81.9000 us/op
WorkloadResult  49: 1 op, 96300.00 ns, 96.3000 us/op
WorkloadResult  50: 1 op, 93400.00 ns, 93.4000 us/op
WorkloadResult  51: 1 op, 99700.00 ns, 99.7000 us/op
WorkloadResult  52: 1 op, 92000.00 ns, 92.0000 us/op
WorkloadResult  53: 1 op, 88800.00 ns, 88.8000 us/op
WorkloadResult  54: 1 op, 85000.00 ns, 85.0000 us/op
WorkloadResult  55: 1 op, 130200.00 ns, 130.2000 us/op
WorkloadResult  56: 1 op, 91000.00 ns, 91.0000 us/op
WorkloadResult  57: 1 op, 93500.00 ns, 93.5000 us/op
WorkloadResult  58: 1 op, 91600.00 ns, 91.6000 us/op
WorkloadResult  59: 1 op, 95800.00 ns, 95.8000 us/op
WorkloadResult  60: 1 op, 103500.00 ns, 103.5000 us/op
WorkloadResult  61: 1 op, 89200.00 ns, 89.2000 us/op
WorkloadResult  62: 1 op, 82400.00 ns, 82.4000 us/op
WorkloadResult  63: 1 op, 92600.00 ns, 92.6000 us/op
WorkloadResult  64: 1 op, 88500.00 ns, 88.5000 us/op
WorkloadResult  65: 1 op, 120700.00 ns, 120.7000 us/op
WorkloadResult  66: 1 op, 96400.00 ns, 96.4000 us/op
WorkloadResult  67: 1 op, 95200.00 ns, 95.2000 us/op
WorkloadResult  68: 1 op, 91300.00 ns, 91.3000 us/op
WorkloadResult  69: 1 op, 110800.00 ns, 110.8000 us/op
WorkloadResult  70: 1 op, 92500.00 ns, 92.5000 us/op
WorkloadResult  71: 1 op, 92700.00 ns, 92.7000 us/op
WorkloadResult  72: 1 op, 88400.00 ns, 88.4000 us/op
WorkloadResult  73: 1 op, 90800.00 ns, 90.8000 us/op
WorkloadResult  74: 1 op, 86200.00 ns, 86.2000 us/op
WorkloadResult  75: 1 op, 87300.00 ns, 87.3000 us/op
WorkloadResult  76: 1 op, 91800.00 ns, 91.8000 us/op
WorkloadResult  77: 1 op, 81000.00 ns, 81.0000 us/op
WorkloadResult  78: 1 op, 93700.00 ns, 93.7000 us/op
WorkloadResult  79: 1 op, 82600.00 ns, 82.6000 us/op
WorkloadResult  80: 1 op, 86500.00 ns, 86.5000 us/op
WorkloadResult  81: 1 op, 93000.00 ns, 93.0000 us/op
WorkloadResult  82: 1 op, 123400.00 ns, 123.4000 us/op
WorkloadResult  83: 1 op, 106900.00 ns, 106.9000 us/op
WorkloadResult  84: 1 op, 124200.00 ns, 124.2000 us/op
WorkloadResult  85: 1 op, 84900.00 ns, 84.9000 us/op
WorkloadResult  86: 1 op, 96500.00 ns, 96.5000 us/op
WorkloadResult  87: 1 op, 97700.00 ns, 97.7000 us/op
WorkloadResult  88: 1 op, 94700.00 ns, 94.7000 us/op
WorkloadResult  89: 1 op, 79700.00 ns, 79.7000 us/op
WorkloadResult  90: 1 op, 90200.00 ns, 90.2000 us/op
// GC:  0 0 0 2368 1
// Threading:  0 0 1


Mean = 95.137 μs, StdErr = 1.309 μs (1.38%), N = 90, StdDev = 12.414 μs
Min = 76.500 μs, Q1 = 87.975 μs, Median = 91.700 μs, Q3 = 96.475 μs, Max = 130.200 μs
IQR = 8.500 μs, LowerFence = 75.225 μs, UpperFence = 109.225 μs
ConfidenceInterval = [90.683 μs; 99.590 μs] (CI 99.9%), Margin = 4.453 μs (4.68% of Mean)
Skewness = 1.42, Kurtosis = 4.37, MValue = 2.15

// ** Remained 3 (37.5%) benchmark(s) to run. Estimated finish 2026-06-19 11:12 (0h 1m from now) **
Setup power plan (GUID: 8c5e7fda-e8bf-4a96-9a85-a6e23a8c635c FriendlyName: High performance)
// **************************
// Benchmark: PlaylistCoordinatorBenchmarks.'GetNextIndex 1000 times (100 items, no wrap)': InProcess(Toolchain=InProcessEmitToolchain, InvocationCount=1, UnrollFactor=1)
// *** Execute ***
// Launch: 1 / 1

// Benchmark Process Environment Information:
// BenchmarkDotNet v0.14.0
// Runtime=.NET 10.0.9 (10.0.926.27113), X64 RyuJIT AVX2
// GC=Concurrent Workstation
// HardwareIntrinsics=AVX2,AES,BMI1,BMI2,FMA,LZCNT,PCLMUL,POPCNT VectorSize=256
// Job: Job-NOZIOL(Toolchain=InProcessEmitToolchain, InvocationCount=1, UnrollFactor=1)

OverheadJitting  1: 1 op, 239600.00 ns, 239.6000 us/op
WorkloadJitting  1: 1 op, 637900.00 ns, 637.9000 us/op

OverheadWarmup   1: 1 op, 4000.00 ns, 4.0000 us/op
OverheadWarmup   2: 1 op, 700.00 ns, 700.0000 ns/op
OverheadWarmup   3: 1 op, 200.00 ns, 200.0000 ns/op
OverheadWarmup   4: 1 op, 200.00 ns, 200.0000 ns/op
OverheadWarmup   5: 1 op, 600.00 ns, 600.0000 ns/op
OverheadWarmup   6: 1 op, 600.00 ns, 600.0000 ns/op
OverheadWarmup   7: 1 op, 400.00 ns, 400.0000 ns/op

OverheadActual   1: 1 op, 200.00 ns, 200.0000 ns/op
OverheadActual   2: 1 op, 200.00 ns, 200.0000 ns/op
OverheadActual   3: 1 op, 400.00 ns, 400.0000 ns/op
OverheadActual   4: 1 op, 200.00 ns, 200.0000 ns/op
OverheadActual   5: 1 op, 600.00 ns, 600.0000 ns/op
OverheadActual   6: 1 op, 300.00 ns, 300.0000 ns/op
OverheadActual   7: 1 op, 500.00 ns, 500.0000 ns/op
OverheadActual   8: 1 op, 900.00 ns, 900.0000 ns/op
OverheadActual   9: 1 op, 600.00 ns, 600.0000 ns/op
OverheadActual  10: 1 op, 400.00 ns, 400.0000 ns/op
OverheadActual  11: 1 op, 700.00 ns, 700.0000 ns/op
OverheadActual  12: 1 op, 500.00 ns, 500.0000 ns/op
OverheadActual  13: 1 op, 600.00 ns, 600.0000 ns/op
OverheadActual  14: 1 op, 200.00 ns, 200.0000 ns/op
OverheadActual  15: 1 op, 500.00 ns, 500.0000 ns/op
OverheadActual  16: 1 op, 300.00 ns, 300.0000 ns/op
OverheadActual  17: 1 op, 300.00 ns, 300.0000 ns/op
OverheadActual  18: 1 op, 400.00 ns, 400.0000 ns/op
OverheadActual  19: 1 op, 300.00 ns, 300.0000 ns/op
OverheadActual  20: 1 op, 600.00 ns, 600.0000 ns/op

WorkloadWarmup   1: 1 op, 50800.00 ns, 50.8000 us/op
WorkloadWarmup   2: 1 op, 41900.00 ns, 41.9000 us/op
WorkloadWarmup   3: 1 op, 18600.00 ns, 18.6000 us/op
WorkloadWarmup   4: 1 op, 23400.00 ns, 23.4000 us/op
WorkloadWarmup   5: 1 op, 23000.00 ns, 23.0000 us/op
WorkloadWarmup   6: 1 op, 17400.00 ns, 17.4000 us/op
WorkloadWarmup   7: 1 op, 17400.00 ns, 17.4000 us/op
WorkloadWarmup   8: 1 op, 20200.00 ns, 20.2000 us/op

WorkloadActual   1: 1 op, 743100.00 ns, 743.1000 us/op
WorkloadActual   2: 1 op, 33000.00 ns, 33.0000 us/op
WorkloadActual   3: 1 op, 31100.00 ns, 31.1000 us/op
WorkloadActual   4: 1 op, 29200.00 ns, 29.2000 us/op
WorkloadActual   5: 1 op, 29600.00 ns, 29.6000 us/op
WorkloadActual   6: 1 op, 37000.00 ns, 37.0000 us/op
WorkloadActual   7: 1 op, 29600.00 ns, 29.6000 us/op
WorkloadActual   8: 1 op, 28000.00 ns, 28.0000 us/op
WorkloadActual   9: 1 op, 29500.00 ns, 29.5000 us/op
WorkloadActual  10: 1 op, 35700.00 ns, 35.7000 us/op
WorkloadActual  11: 1 op, 36500.00 ns, 36.5000 us/op
WorkloadActual  12: 1 op, 26300.00 ns, 26.3000 us/op
WorkloadActual  13: 1 op, 25700.00 ns, 25.7000 us/op
WorkloadActual  14: 1 op, 27000.00 ns, 27.0000 us/op
WorkloadActual  15: 1 op, 26100.00 ns, 26.1000 us/op
WorkloadActual  16: 1 op, 25900.00 ns, 25.9000 us/op
WorkloadActual  17: 1 op, 44500.00 ns, 44.5000 us/op
WorkloadActual  18: 1 op, 25400.00 ns, 25.4000 us/op
WorkloadActual  19: 1 op, 31100.00 ns, 31.1000 us/op
WorkloadActual  20: 1 op, 30000.00 ns, 30.0000 us/op
WorkloadActual  21: 1 op, 26600.00 ns, 26.6000 us/op
WorkloadActual  22: 1 op, 136800.00 ns, 136.8000 us/op
WorkloadActual  23: 1 op, 25900.00 ns, 25.9000 us/op
WorkloadActual  24: 1 op, 19300.00 ns, 19.3000 us/op
WorkloadActual  25: 1 op, 19200.00 ns, 19.2000 us/op
WorkloadActual  26: 1 op, 22900.00 ns, 22.9000 us/op
WorkloadActual  27: 1 op, 18100.00 ns, 18.1000 us/op
WorkloadActual  28: 1 op, 19700.00 ns, 19.7000 us/op
WorkloadActual  29: 1 op, 20500.00 ns, 20.5000 us/op
WorkloadActual  30: 1 op, 18200.00 ns, 18.2000 us/op
WorkloadActual  31: 1 op, 18700.00 ns, 18.7000 us/op
WorkloadActual  32: 1 op, 599900.00 ns, 599.9000 us/op
WorkloadActual  33: 1 op, 25400.00 ns, 25.4000 us/op
WorkloadActual  34: 1 op, 25700.00 ns, 25.7000 us/op
WorkloadActual  35: 1 op, 26600.00 ns, 26.6000 us/op
WorkloadActual  36: 1 op, 26700.00 ns, 26.7000 us/op
WorkloadActual  37: 1 op, 26500.00 ns, 26.5000 us/op
WorkloadActual  38: 1 op, 26300.00 ns, 26.3000 us/op
WorkloadActual  39: 1 op, 26900.00 ns, 26.9000 us/op
WorkloadActual  40: 1 op, 28900.00 ns, 28.9000 us/op
WorkloadActual  41: 1 op, 30800.00 ns, 30.8000 us/op
WorkloadActual  42: 1 op, 26400.00 ns, 26.4000 us/op
WorkloadActual  43: 1 op, 35300.00 ns, 35.3000 us/op
WorkloadActual  44: 1 op, 28500.00 ns, 28.5000 us/op
WorkloadActual  45: 1 op, 26100.00 ns, 26.1000 us/op
WorkloadActual  46: 1 op, 28700.00 ns, 28.7000 us/op
WorkloadActual  47: 1 op, 37700.00 ns, 37.7000 us/op
WorkloadActual  48: 1 op, 27200.00 ns, 27.2000 us/op
WorkloadActual  49: 1 op, 26400.00 ns, 26.4000 us/op
WorkloadActual  50: 1 op, 25400.00 ns, 25.4000 us/op
WorkloadActual  51: 1 op, 26600.00 ns, 26.6000 us/op
WorkloadActual  52: 1 op, 160700.00 ns, 160.7000 us/op
WorkloadActual  53: 1 op, 2600.00 ns, 2.6000 us/op
WorkloadActual  54: 1 op, 3000.00 ns, 3.0000 us/op
WorkloadActual  55: 1 op, 2800.00 ns, 2.8000 us/op
WorkloadActual  56: 1 op, 3000.00 ns, 3.0000 us/op
WorkloadActual  57: 1 op, 2900.00 ns, 2.9000 us/op
WorkloadActual  58: 1 op, 2600.00 ns, 2.6000 us/op
WorkloadActual  59: 1 op, 2700.00 ns, 2.7000 us/op
WorkloadActual  60: 1 op, 2900.00 ns, 2.9000 us/op
WorkloadActual  61: 1 op, 2400.00 ns, 2.4000 us/op
WorkloadActual  62: 1 op, 3100.00 ns, 3.1000 us/op
WorkloadActual  63: 1 op, 2500.00 ns, 2.5000 us/op
WorkloadActual  64: 1 op, 2500.00 ns, 2.5000 us/op
WorkloadActual  65: 1 op, 2900.00 ns, 2.9000 us/op
WorkloadActual  66: 1 op, 3300.00 ns, 3.3000 us/op
WorkloadActual  67: 1 op, 2700.00 ns, 2.7000 us/op
WorkloadActual  68: 1 op, 2900.00 ns, 2.9000 us/op
WorkloadActual  69: 1 op, 3100.00 ns, 3.1000 us/op
WorkloadActual  70: 1 op, 3100.00 ns, 3.1000 us/op
WorkloadActual  71: 1 op, 3400.00 ns, 3.4000 us/op
WorkloadActual  72: 1 op, 1600.00 ns, 1.6000 us/op
WorkloadActual  73: 1 op, 2800.00 ns, 2.8000 us/op
WorkloadActual  74: 1 op, 2400.00 ns, 2.4000 us/op
WorkloadActual  75: 1 op, 3200.00 ns, 3.2000 us/op
WorkloadActual  76: 1 op, 2400.00 ns, 2.4000 us/op
WorkloadActual  77: 1 op, 2700.00 ns, 2.7000 us/op
WorkloadActual  78: 1 op, 3000.00 ns, 3.0000 us/op
WorkloadActual  79: 1 op, 3100.00 ns, 3.1000 us/op
WorkloadActual  80: 1 op, 2900.00 ns, 2.9000 us/op
WorkloadActual  81: 1 op, 3000.00 ns, 3.0000 us/op
WorkloadActual  82: 1 op, 2600.00 ns, 2.6000 us/op
WorkloadActual  83: 1 op, 2800.00 ns, 2.8000 us/op
WorkloadActual  84: 1 op, 3200.00 ns, 3.2000 us/op
WorkloadActual  85: 1 op, 2700.00 ns, 2.7000 us/op
WorkloadActual  86: 1 op, 2800.00 ns, 2.8000 us/op
WorkloadActual  87: 1 op, 2900.00 ns, 2.9000 us/op
WorkloadActual  88: 1 op, 2800.00 ns, 2.8000 us/op
WorkloadActual  89: 1 op, 2600.00 ns, 2.6000 us/op
WorkloadActual  90: 1 op, 2400.00 ns, 2.4000 us/op
WorkloadActual  91: 1 op, 2700.00 ns, 2.7000 us/op
WorkloadActual  92: 1 op, 2800.00 ns, 2.8000 us/op
WorkloadActual  93: 1 op, 2500.00 ns, 2.5000 us/op
WorkloadActual  94: 1 op, 2900.00 ns, 2.9000 us/op
WorkloadActual  95: 1 op, 2600.00 ns, 2.6000 us/op
WorkloadActual  96: 1 op, 2500.00 ns, 2.5000 us/op
WorkloadActual  97: 1 op, 2500.00 ns, 2.5000 us/op
WorkloadActual  98: 1 op, 2500.00 ns, 2.5000 us/op
WorkloadActual  99: 1 op, 2600.00 ns, 2.6000 us/op
WorkloadActual  100: 1 op, 3000.00 ns, 3.0000 us/op

WorkloadResult   1: 1 op, 32600.00 ns, 32.6000 us/op
WorkloadResult   2: 1 op, 30700.00 ns, 30.7000 us/op
WorkloadResult   3: 1 op, 28800.00 ns, 28.8000 us/op
WorkloadResult   4: 1 op, 29200.00 ns, 29.2000 us/op
WorkloadResult   5: 1 op, 36600.00 ns, 36.6000 us/op
WorkloadResult   6: 1 op, 29200.00 ns, 29.2000 us/op
WorkloadResult   7: 1 op, 27600.00 ns, 27.6000 us/op
WorkloadResult   8: 1 op, 29100.00 ns, 29.1000 us/op
WorkloadResult   9: 1 op, 35300.00 ns, 35.3000 us/op
WorkloadResult  10: 1 op, 36100.00 ns, 36.1000 us/op
WorkloadResult  11: 1 op, 25900.00 ns, 25.9000 us/op
WorkloadResult  12: 1 op, 25300.00 ns, 25.3000 us/op
WorkloadResult  13: 1 op, 26600.00 ns, 26.6000 us/op
WorkloadResult  14: 1 op, 25700.00 ns, 25.7000 us/op
WorkloadResult  15: 1 op, 25500.00 ns, 25.5000 us/op
WorkloadResult  16: 1 op, 44100.00 ns, 44.1000 us/op
WorkloadResult  17: 1 op, 25000.00 ns, 25.0000 us/op
WorkloadResult  18: 1 op, 30700.00 ns, 30.7000 us/op
WorkloadResult  19: 1 op, 29600.00 ns, 29.6000 us/op
WorkloadResult  20: 1 op, 26200.00 ns, 26.2000 us/op
WorkloadResult  21: 1 op, 25500.00 ns, 25.5000 us/op
WorkloadResult  22: 1 op, 18900.00 ns, 18.9000 us/op
WorkloadResult  23: 1 op, 18800.00 ns, 18.8000 us/op
WorkloadResult  24: 1 op, 22500.00 ns, 22.5000 us/op
WorkloadResult  25: 1 op, 17700.00 ns, 17.7000 us/op
WorkloadResult  26: 1 op, 19300.00 ns, 19.3000 us/op
WorkloadResult  27: 1 op, 20100.00 ns, 20.1000 us/op
WorkloadResult  28: 1 op, 17800.00 ns, 17.8000 us/op
WorkloadResult  29: 1 op, 18300.00 ns, 18.3000 us/op
WorkloadResult  30: 1 op, 25000.00 ns, 25.0000 us/op
WorkloadResult  31: 1 op, 25300.00 ns, 25.3000 us/op
WorkloadResult  32: 1 op, 26200.00 ns, 26.2000 us/op
WorkloadResult  33: 1 op, 26300.00 ns, 26.3000 us/op
WorkloadResult  34: 1 op, 26100.00 ns, 26.1000 us/op
WorkloadResult  35: 1 op, 25900.00 ns, 25.9000 us/op
WorkloadResult  36: 1 op, 26500.00 ns, 26.5000 us/op
WorkloadResult  37: 1 op, 28500.00 ns, 28.5000 us/op
WorkloadResult  38: 1 op, 30400.00 ns, 30.4000 us/op
WorkloadResult  39: 1 op, 26000.00 ns, 26.0000 us/op
WorkloadResult  40: 1 op, 34900.00 ns, 34.9000 us/op
WorkloadResult  41: 1 op, 28100.00 ns, 28.1000 us/op
WorkloadResult  42: 1 op, 25700.00 ns, 25.7000 us/op
WorkloadResult  43: 1 op, 28300.00 ns, 28.3000 us/op
WorkloadResult  44: 1 op, 37300.00 ns, 37.3000 us/op
WorkloadResult  45: 1 op, 26800.00 ns, 26.8000 us/op
WorkloadResult  46: 1 op, 26000.00 ns, 26.0000 us/op
WorkloadResult  47: 1 op, 25000.00 ns, 25.0000 us/op
WorkloadResult  48: 1 op, 26200.00 ns, 26.2000 us/op
WorkloadResult  49: 1 op, 2200.00 ns, 2.2000 us/op
WorkloadResult  50: 1 op, 2600.00 ns, 2.6000 us/op
WorkloadResult  51: 1 op, 2400.00 ns, 2.4000 us/op
WorkloadResult  52: 1 op, 2600.00 ns, 2.6000 us/op
WorkloadResult  53: 1 op, 2500.00 ns, 2.5000 us/op
WorkloadResult  54: 1 op, 2200.00 ns, 2.2000 us/op
WorkloadResult  55: 1 op, 2300.00 ns, 2.3000 us/op
WorkloadResult  56: 1 op, 2500.00 ns, 2.5000 us/op
WorkloadResult  57: 1 op, 2000.00 ns, 2.0000 us/op
WorkloadResult  58: 1 op, 2700.00 ns, 2.7000 us/op
WorkloadResult  59: 1 op, 2100.00 ns, 2.1000 us/op
WorkloadResult  60: 1 op, 2100.00 ns, 2.1000 us/op
WorkloadResult  61: 1 op, 2500.00 ns, 2.5000 us/op
WorkloadResult  62: 1 op, 2900.00 ns, 2.9000 us/op
WorkloadResult  63: 1 op, 2300.00 ns, 2.3000 us/op
WorkloadResult  64: 1 op, 2500.00 ns, 2.5000 us/op
WorkloadResult  65: 1 op, 2700.00 ns, 2.7000 us/op
WorkloadResult  66: 1 op, 2700.00 ns, 2.7000 us/op
WorkloadResult  67: 1 op, 3000.00 ns, 3.0000 us/op
WorkloadResult  68: 1 op, 1200.00 ns, 1.2000 us/op
WorkloadResult  69: 1 op, 2400.00 ns, 2.4000 us/op
WorkloadResult  70: 1 op, 2000.00 ns, 2.0000 us/op
WorkloadResult  71: 1 op, 2800.00 ns, 2.8000 us/op
WorkloadResult  72: 1 op, 2000.00 ns, 2.0000 us/op
WorkloadResult  73: 1 op, 2300.00 ns, 2.3000 us/op
WorkloadResult  74: 1 op, 2600.00 ns, 2.6000 us/op
WorkloadResult  75: 1 op, 2700.00 ns, 2.7000 us/op
WorkloadResult  76: 1 op, 2500.00 ns, 2.5000 us/op
WorkloadResult  77: 1 op, 2600.00 ns, 2.6000 us/op
WorkloadResult  78: 1 op, 2200.00 ns, 2.2000 us/op
WorkloadResult  79: 1 op, 2400.00 ns, 2.4000 us/op
WorkloadResult  80: 1 op, 2800.00 ns, 2.8000 us/op
WorkloadResult  81: 1 op, 2300.00 ns, 2.3000 us/op
WorkloadResult  82: 1 op, 2400.00 ns, 2.4000 us/op
WorkloadResult  83: 1 op, 2500.00 ns, 2.5000 us/op
WorkloadResult  84: 1 op, 2400.00 ns, 2.4000 us/op
WorkloadResult  85: 1 op, 2200.00 ns, 2.2000 us/op
WorkloadResult  86: 1 op, 2000.00 ns, 2.0000 us/op
WorkloadResult  87: 1 op, 2300.00 ns, 2.3000 us/op
WorkloadResult  88: 1 op, 2400.00 ns, 2.4000 us/op
WorkloadResult  89: 1 op, 2100.00 ns, 2.1000 us/op
WorkloadResult  90: 1 op, 2500.00 ns, 2.5000 us/op
WorkloadResult  91: 1 op, 2200.00 ns, 2.2000 us/op
WorkloadResult  92: 1 op, 2100.00 ns, 2.1000 us/op
WorkloadResult  93: 1 op, 2100.00 ns, 2.1000 us/op
WorkloadResult  94: 1 op, 2100.00 ns, 2.1000 us/op
WorkloadResult  95: 1 op, 2200.00 ns, 2.2000 us/op
WorkloadResult  96: 1 op, 2600.00 ns, 2.6000 us/op
// GC:  0 0 0 2368 1
// Threading:  0 0 1


Mean = 14.759 μs, StdErr = 1.328 μs (9.00%), N = 96, StdDev = 13.013 μs
Min = 1.200 μs, Q1 = 2.400 μs, Median = 10.350 μs, Q3 = 26.200 μs, Max = 44.100 μs
IQR = 23.800 μs, LowerFence = -33.300 μs, UpperFence = 61.900 μs
ConfidenceInterval = [10.249 μs; 19.270 μs] (CI 99.9%), Margin = 4.510 μs (30.56% of Mean)
Skewness = 0.26, Kurtosis = 1.41, MValue = 3.75

// ** Remained 2 (25.0%) benchmark(s) to run. Estimated finish 2026-06-19 11:12 (0h 0m from now) **
Setup power plan (GUID: 8c5e7fda-e8bf-4a96-9a85-a6e23a8c635c FriendlyName: High performance)
// **************************
// Benchmark: PlaylistCoordinatorBenchmarks.'Add 1000 items': InProcess(Toolchain=InProcessEmitToolchain, InvocationCount=1, UnrollFactor=1)
// *** Execute ***
// Launch: 1 / 1

// Benchmark Process Environment Information:
// BenchmarkDotNet v0.14.0
// Runtime=.NET 10.0.9 (10.0.926.27113), X64 RyuJIT AVX2
// GC=Concurrent Workstation
// HardwareIntrinsics=AVX2,AES,BMI1,BMI2,FMA,LZCNT,PCLMUL,POPCNT VectorSize=256
// Job: Job-NOZIOL(Toolchain=InProcessEmitToolchain, InvocationCount=1, UnrollFactor=1)

OverheadJitting  1: 1 op, 328800.00 ns, 328.8000 us/op
WorkloadJitting  1: 1 op, 5373300.00 ns, 5.3733 ms/op

OverheadWarmup   1: 1 op, 4000.00 ns, 4.0000 us/op
OverheadWarmup   2: 1 op, 800.00 ns, 800.0000 ns/op
OverheadWarmup   3: 1 op, 900.00 ns, 900.0000 ns/op
OverheadWarmup   4: 1 op, 500.00 ns, 500.0000 ns/op
OverheadWarmup   5: 1 op, 500.00 ns, 500.0000 ns/op
OverheadWarmup   6: 1 op, 800.00 ns, 800.0000 ns/op

OverheadActual   1: 1 op, 1500.00 ns, 1.5000 us/op
OverheadActual   2: 1 op, 1100.00 ns, 1.1000 us/op
OverheadActual   3: 1 op, 700.00 ns, 700.0000 ns/op
OverheadActual   4: 1 op, 500.00 ns, 500.0000 ns/op
OverheadActual   5: 1 op, 700.00 ns, 700.0000 ns/op
OverheadActual   6: 1 op, 2600.00 ns, 2.6000 us/op
OverheadActual   7: 1 op, 1000.00 ns, 1.0000 us/op
OverheadActual   8: 1 op, 800.00 ns, 800.0000 ns/op
OverheadActual   9: 1 op, 400.00 ns, 400.0000 ns/op
OverheadActual  10: 1 op, 400.00 ns, 400.0000 ns/op
OverheadActual  11: 1 op, 600.00 ns, 600.0000 ns/op
OverheadActual  12: 1 op, 800.00 ns, 800.0000 ns/op
OverheadActual  13: 1 op, 400.00 ns, 400.0000 ns/op
OverheadActual  14: 1 op, 600.00 ns, 600.0000 ns/op
OverheadActual  15: 1 op, 300.00 ns, 300.0000 ns/op
OverheadActual  16: 1 op, 400.00 ns, 400.0000 ns/op
OverheadActual  17: 1 op, 1200.00 ns, 1.2000 us/op
OverheadActual  18: 1 op, 700.00 ns, 700.0000 ns/op
OverheadActual  19: 1 op, 500.00 ns, 500.0000 ns/op
OverheadActual  20: 1 op, 400.00 ns, 400.0000 ns/op

WorkloadWarmup   1: 1 op, 3223500.00 ns, 3.2235 ms/op
WorkloadWarmup   2: 1 op, 2799400.00 ns, 2.7994 ms/op
WorkloadWarmup   3: 1 op, 2513500.00 ns, 2.5135 ms/op
WorkloadWarmup   4: 1 op, 2612000.00 ns, 2.6120 ms/op
WorkloadWarmup   5: 1 op, 4180600.00 ns, 4.1806 ms/op
WorkloadWarmup   6: 1 op, 2836200.00 ns, 2.8362 ms/op
WorkloadWarmup   7: 1 op, 3710800.00 ns, 3.7108 ms/op
WorkloadWarmup   8: 1 op, 2548700.00 ns, 2.5487 ms/op

WorkloadActual   1: 1 op, 8789000.00 ns, 8.7890 ms/op
WorkloadActual   2: 1 op, 2671600.00 ns, 2.6716 ms/op
WorkloadActual   3: 1 op, 2431100.00 ns, 2.4311 ms/op
WorkloadActual   4: 1 op, 2397900.00 ns, 2.3979 ms/op
WorkloadActual   5: 1 op, 2505400.00 ns, 2.5054 ms/op
WorkloadActual   6: 1 op, 2524000.00 ns, 2.5240 ms/op
WorkloadActual   7: 1 op, 2761600.00 ns, 2.7616 ms/op
WorkloadActual   8: 1 op, 2617000.00 ns, 2.6170 ms/op
WorkloadActual   9: 1 op, 2413000.00 ns, 2.4130 ms/op
WorkloadActual  10: 1 op, 2998100.00 ns, 2.9981 ms/op
WorkloadActual  11: 1 op, 2600200.00 ns, 2.6002 ms/op
WorkloadActual  12: 1 op, 2416000.00 ns, 2.4160 ms/op
WorkloadActual  13: 1 op, 2551900.00 ns, 2.5519 ms/op
WorkloadActual  14: 1 op, 2539200.00 ns, 2.5392 ms/op
WorkloadActual  15: 1 op, 2442700.00 ns, 2.4427 ms/op
WorkloadActual  16: 1 op, 2630900.00 ns, 2.6309 ms/op
WorkloadActual  17: 1 op, 2675700.00 ns, 2.6757 ms/op
WorkloadActual  18: 1 op, 4194800.00 ns, 4.1948 ms/op
WorkloadActual  19: 1 op, 4396900.00 ns, 4.3969 ms/op
WorkloadActual  20: 1 op, 2778900.00 ns, 2.7789 ms/op
WorkloadActual  21: 1 op, 2562100.00 ns, 2.5621 ms/op
WorkloadActual  22: 1 op, 2600800.00 ns, 2.6008 ms/op
WorkloadActual  23: 1 op, 3731300.00 ns, 3.7313 ms/op
WorkloadActual  24: 1 op, 2444100.00 ns, 2.4441 ms/op
WorkloadActual  25: 1 op, 2615700.00 ns, 2.6157 ms/op
WorkloadActual  26: 1 op, 2677300.00 ns, 2.6773 ms/op
WorkloadActual  27: 1 op, 2554400.00 ns, 2.5544 ms/op
WorkloadActual  28: 1 op, 2638800.00 ns, 2.6388 ms/op
WorkloadActual  29: 1 op, 2699600.00 ns, 2.6996 ms/op
WorkloadActual  30: 1 op, 2397800.00 ns, 2.3978 ms/op
WorkloadActual  31: 1 op, 2605800.00 ns, 2.6058 ms/op
WorkloadActual  32: 1 op, 16776200.00 ns, 16.7762 ms/op
WorkloadActual  33: 1 op, 5164200.00 ns, 5.1642 ms/op
WorkloadActual  34: 1 op, 3693700.00 ns, 3.6937 ms/op
WorkloadActual  35: 1 op, 3089800.00 ns, 3.0898 ms/op
WorkloadActual  36: 1 op, 3169200.00 ns, 3.1692 ms/op
WorkloadActual  37: 1 op, 2753300.00 ns, 2.7533 ms/op
WorkloadActual  38: 1 op, 3170000.00 ns, 3.1700 ms/op
WorkloadActual  39: 1 op, 3040900.00 ns, 3.0409 ms/op
WorkloadActual  40: 1 op, 2667900.00 ns, 2.6679 ms/op
WorkloadActual  41: 1 op, 3013300.00 ns, 3.0133 ms/op
WorkloadActual  42: 1 op, 2580700.00 ns, 2.5807 ms/op
WorkloadActual  43: 1 op, 2453400.00 ns, 2.4534 ms/op
WorkloadActual  44: 1 op, 2720500.00 ns, 2.7205 ms/op
WorkloadActual  45: 1 op, 3435500.00 ns, 3.4355 ms/op
WorkloadActual  46: 1 op, 2505700.00 ns, 2.5057 ms/op
WorkloadActual  47: 1 op, 2494800.00 ns, 2.4948 ms/op
WorkloadActual  48: 1 op, 2536500.00 ns, 2.5365 ms/op
WorkloadActual  49: 1 op, 2695000.00 ns, 2.6950 ms/op
WorkloadActual  50: 1 op, 2607100.00 ns, 2.6071 ms/op
WorkloadActual  51: 1 op, 2669500.00 ns, 2.6695 ms/op
WorkloadActual  52: 1 op, 2737700.00 ns, 2.7377 ms/op
WorkloadActual  53: 1 op, 3322800.00 ns, 3.3228 ms/op
WorkloadActual  54: 1 op, 2315700.00 ns, 2.3157 ms/op
WorkloadActual  55: 1 op, 2442100.00 ns, 2.4421 ms/op
WorkloadActual  56: 1 op, 2690900.00 ns, 2.6909 ms/op
WorkloadActual  57: 1 op, 2836100.00 ns, 2.8361 ms/op
WorkloadActual  58: 1 op, 2642900.00 ns, 2.6429 ms/op
WorkloadActual  59: 1 op, 2663100.00 ns, 2.6631 ms/op
WorkloadActual  60: 1 op, 2729200.00 ns, 2.7292 ms/op
WorkloadActual  61: 1 op, 2536500.00 ns, 2.5365 ms/op
WorkloadActual  62: 1 op, 2465900.00 ns, 2.4659 ms/op
WorkloadActual  63: 1 op, 2509000.00 ns, 2.5090 ms/op
WorkloadActual  64: 1 op, 2586500.00 ns, 2.5865 ms/op
WorkloadActual  65: 1 op, 2842600.00 ns, 2.8426 ms/op
WorkloadActual  66: 1 op, 2670200.00 ns, 2.6702 ms/op
WorkloadActual  67: 1 op, 2563800.00 ns, 2.5638 ms/op
WorkloadActual  68: 1 op, 2738200.00 ns, 2.7382 ms/op
WorkloadActual  69: 1 op, 2573600.00 ns, 2.5736 ms/op
WorkloadActual  70: 1 op, 2431600.00 ns, 2.4316 ms/op
WorkloadActual  71: 1 op, 2541900.00 ns, 2.5419 ms/op
WorkloadActual  72: 1 op, 2507500.00 ns, 2.5075 ms/op
WorkloadActual  73: 1 op, 2525700.00 ns, 2.5257 ms/op
WorkloadActual  74: 1 op, 2568400.00 ns, 2.5684 ms/op
WorkloadActual  75: 1 op, 2346700.00 ns, 2.3467 ms/op
WorkloadActual  76: 1 op, 4373400.00 ns, 4.3734 ms/op
WorkloadActual  77: 1 op, 2548700.00 ns, 2.5487 ms/op
WorkloadActual  78: 1 op, 2464600.00 ns, 2.4646 ms/op
WorkloadActual  79: 1 op, 2618200.00 ns, 2.6182 ms/op
WorkloadActual  80: 1 op, 3305800.00 ns, 3.3058 ms/op
WorkloadActual  81: 1 op, 2798500.00 ns, 2.7985 ms/op
WorkloadActual  82: 1 op, 2590400.00 ns, 2.5904 ms/op
WorkloadActual  83: 1 op, 2512900.00 ns, 2.5129 ms/op
WorkloadActual  84: 1 op, 2350300.00 ns, 2.3503 ms/op
WorkloadActual  85: 1 op, 4633000.00 ns, 4.6330 ms/op
WorkloadActual  86: 1 op, 2382300.00 ns, 2.3823 ms/op
WorkloadActual  87: 1 op, 2821600.00 ns, 2.8216 ms/op
WorkloadActual  88: 1 op, 2420000.00 ns, 2.4200 ms/op
WorkloadActual  89: 1 op, 3098500.00 ns, 3.0985 ms/op
WorkloadActual  90: 1 op, 2462800.00 ns, 2.4628 ms/op
WorkloadActual  91: 1 op, 2643700.00 ns, 2.6437 ms/op
WorkloadActual  92: 1 op, 2808200.00 ns, 2.8082 ms/op
WorkloadActual  93: 1 op, 2586700.00 ns, 2.5867 ms/op
WorkloadActual  94: 1 op, 3487300.00 ns, 3.4873 ms/op
WorkloadActual  95: 1 op, 2488700.00 ns, 2.4887 ms/op
WorkloadActual  96: 1 op, 2433900.00 ns, 2.4339 ms/op
WorkloadActual  97: 1 op, 2571600.00 ns, 2.5716 ms/op
WorkloadActual  98: 1 op, 2454500.00 ns, 2.4545 ms/op
WorkloadActual  99: 1 op, 2430100.00 ns, 2.4301 ms/op
WorkloadActual  100: 1 op, 2488100.00 ns, 2.4881 ms/op

WorkloadResult   1: 1 op, 2670950.00 ns, 2.6710 ms/op
WorkloadResult   2: 1 op, 2430450.00 ns, 2.4305 ms/op
WorkloadResult   3: 1 op, 2397250.00 ns, 2.3973 ms/op
WorkloadResult   4: 1 op, 2504750.00 ns, 2.5048 ms/op
WorkloadResult   5: 1 op, 2523350.00 ns, 2.5234 ms/op
WorkloadResult   6: 1 op, 2760950.00 ns, 2.7610 ms/op
WorkloadResult   7: 1 op, 2616350.00 ns, 2.6164 ms/op
WorkloadResult   8: 1 op, 2412350.00 ns, 2.4124 ms/op
WorkloadResult   9: 1 op, 2997450.00 ns, 2.9975 ms/op
WorkloadResult  10: 1 op, 2599550.00 ns, 2.5996 ms/op
WorkloadResult  11: 1 op, 2415350.00 ns, 2.4154 ms/op
WorkloadResult  12: 1 op, 2551250.00 ns, 2.5513 ms/op
WorkloadResult  13: 1 op, 2538550.00 ns, 2.5386 ms/op
WorkloadResult  14: 1 op, 2442050.00 ns, 2.4421 ms/op
WorkloadResult  15: 1 op, 2630250.00 ns, 2.6303 ms/op
WorkloadResult  16: 1 op, 2675050.00 ns, 2.6751 ms/op
WorkloadResult  17: 1 op, 2778250.00 ns, 2.7783 ms/op
WorkloadResult  18: 1 op, 2561450.00 ns, 2.5615 ms/op
WorkloadResult  19: 1 op, 2600150.00 ns, 2.6002 ms/op
WorkloadResult  20: 1 op, 2443450.00 ns, 2.4435 ms/op
WorkloadResult  21: 1 op, 2615050.00 ns, 2.6151 ms/op
WorkloadResult  22: 1 op, 2676650.00 ns, 2.6767 ms/op
WorkloadResult  23: 1 op, 2553750.00 ns, 2.5538 ms/op
WorkloadResult  24: 1 op, 2638150.00 ns, 2.6382 ms/op
WorkloadResult  25: 1 op, 2698950.00 ns, 2.6990 ms/op
WorkloadResult  26: 1 op, 2397150.00 ns, 2.3972 ms/op
WorkloadResult  27: 1 op, 2605150.00 ns, 2.6052 ms/op
WorkloadResult  28: 1 op, 3089150.00 ns, 3.0892 ms/op
WorkloadResult  29: 1 op, 3168550.00 ns, 3.1686 ms/op
WorkloadResult  30: 1 op, 2752650.00 ns, 2.7527 ms/op
WorkloadResult  31: 1 op, 3169350.00 ns, 3.1694 ms/op
WorkloadResult  32: 1 op, 3040250.00 ns, 3.0403 ms/op
WorkloadResult  33: 1 op, 2667250.00 ns, 2.6673 ms/op
WorkloadResult  34: 1 op, 3012650.00 ns, 3.0127 ms/op
WorkloadResult  35: 1 op, 2580050.00 ns, 2.5801 ms/op
WorkloadResult  36: 1 op, 2452750.00 ns, 2.4528 ms/op
WorkloadResult  37: 1 op, 2719850.00 ns, 2.7199 ms/op
WorkloadResult  38: 1 op, 2505050.00 ns, 2.5051 ms/op
WorkloadResult  39: 1 op, 2494150.00 ns, 2.4942 ms/op
WorkloadResult  40: 1 op, 2535850.00 ns, 2.5359 ms/op
WorkloadResult  41: 1 op, 2694350.00 ns, 2.6944 ms/op
WorkloadResult  42: 1 op, 2606450.00 ns, 2.6065 ms/op
WorkloadResult  43: 1 op, 2668850.00 ns, 2.6689 ms/op
WorkloadResult  44: 1 op, 2737050.00 ns, 2.7371 ms/op
WorkloadResult  45: 1 op, 2315050.00 ns, 2.3151 ms/op
WorkloadResult  46: 1 op, 2441450.00 ns, 2.4415 ms/op
WorkloadResult  47: 1 op, 2690250.00 ns, 2.6903 ms/op
WorkloadResult  48: 1 op, 2835450.00 ns, 2.8355 ms/op
WorkloadResult  49: 1 op, 2642250.00 ns, 2.6423 ms/op
WorkloadResult  50: 1 op, 2662450.00 ns, 2.6625 ms/op
WorkloadResult  51: 1 op, 2728550.00 ns, 2.7286 ms/op
WorkloadResult  52: 1 op, 2535850.00 ns, 2.5359 ms/op
WorkloadResult  53: 1 op, 2465250.00 ns, 2.4653 ms/op
WorkloadResult  54: 1 op, 2508350.00 ns, 2.5084 ms/op
WorkloadResult  55: 1 op, 2585850.00 ns, 2.5859 ms/op
WorkloadResult  56: 1 op, 2841950.00 ns, 2.8420 ms/op
WorkloadResult  57: 1 op, 2669550.00 ns, 2.6696 ms/op
WorkloadResult  58: 1 op, 2563150.00 ns, 2.5632 ms/op
WorkloadResult  59: 1 op, 2737550.00 ns, 2.7376 ms/op
WorkloadResult  60: 1 op, 2572950.00 ns, 2.5730 ms/op
WorkloadResult  61: 1 op, 2430950.00 ns, 2.4310 ms/op
WorkloadResult  62: 1 op, 2541250.00 ns, 2.5413 ms/op
WorkloadResult  63: 1 op, 2506850.00 ns, 2.5069 ms/op
WorkloadResult  64: 1 op, 2525050.00 ns, 2.5251 ms/op
WorkloadResult  65: 1 op, 2567750.00 ns, 2.5678 ms/op
WorkloadResult  66: 1 op, 2346050.00 ns, 2.3461 ms/op
WorkloadResult  67: 1 op, 2548050.00 ns, 2.5481 ms/op
WorkloadResult  68: 1 op, 2463950.00 ns, 2.4640 ms/op
WorkloadResult  69: 1 op, 2617550.00 ns, 2.6176 ms/op
WorkloadResult  70: 1 op, 2797850.00 ns, 2.7979 ms/op
WorkloadResult  71: 1 op, 2589750.00 ns, 2.5898 ms/op
WorkloadResult  72: 1 op, 2512250.00 ns, 2.5123 ms/op
WorkloadResult  73: 1 op, 2349650.00 ns, 2.3497 ms/op
WorkloadResult  74: 1 op, 2381650.00 ns, 2.3817 ms/op
WorkloadResult  75: 1 op, 2820950.00 ns, 2.8210 ms/op
WorkloadResult  76: 1 op, 2419350.00 ns, 2.4194 ms/op
WorkloadResult  77: 1 op, 3097850.00 ns, 3.0979 ms/op
WorkloadResult  78: 1 op, 2462150.00 ns, 2.4622 ms/op
WorkloadResult  79: 1 op, 2643050.00 ns, 2.6431 ms/op
WorkloadResult  80: 1 op, 2807550.00 ns, 2.8076 ms/op
WorkloadResult  81: 1 op, 2586050.00 ns, 2.5861 ms/op
WorkloadResult  82: 1 op, 2488050.00 ns, 2.4881 ms/op
WorkloadResult  83: 1 op, 2433250.00 ns, 2.4333 ms/op
WorkloadResult  84: 1 op, 2570950.00 ns, 2.5710 ms/op
WorkloadResult  85: 1 op, 2453850.00 ns, 2.4539 ms/op
WorkloadResult  86: 1 op, 2429450.00 ns, 2.4295 ms/op
WorkloadResult  87: 1 op, 2487450.00 ns, 2.4875 ms/op
// GC:  0 0 0 83888 1
// Threading:  0 0 1


Mean = 2.613 ms, StdErr = 0.020 ms (0.76%), N = 87, StdDev = 0.185 ms
Min = 2.315 ms, Q1 = 2.488 ms, Median = 2.580 ms, Q3 = 2.683 ms, Max = 3.169 ms
IQR = 0.196 ms, LowerFence = 2.194 ms, UpperFence = 2.977 ms
ConfidenceInterval = [2.545 ms; 2.680 ms] (CI 99.9%), Margin = 0.068 ms (2.59% of Mean)
Skewness = 1.16, Kurtosis = 4.22, MValue = 2.7

// ** Remained 1 (12.5%) benchmark(s) to run. Estimated finish 2026-06-19 11:12 (0h 0m from now) **
Setup power plan (GUID: 8c5e7fda-e8bf-4a96-9a85-a6e23a8c635c FriendlyName: High performance)
// **************************
// Benchmark: PlaylistCoordinatorBenchmarks.'Remove 1000 items (from end)': InProcess(Toolchain=InProcessEmitToolchain, InvocationCount=1, UnrollFactor=1)
// *** Execute ***
// Launch: 1 / 1

// Benchmark Process Environment Information:
// BenchmarkDotNet v0.14.0
// Runtime=.NET 10.0.9 (10.0.926.27113), X64 RyuJIT AVX2
// GC=Concurrent Workstation
// HardwareIntrinsics=AVX2,AES,BMI1,BMI2,FMA,LZCNT,PCLMUL,POPCNT VectorSize=256
// Job: Job-NOZIOL(Toolchain=InProcessEmitToolchain, InvocationCount=1, UnrollFactor=1)

OverheadJitting  1: 1 op, 340600.00 ns, 340.6000 us/op
WorkloadJitting  1: 1 op, 616400.00 ns, 616.4000 us/op

OverheadWarmup   1: 1 op, 3600.00 ns, 3.6000 us/op
OverheadWarmup   2: 1 op, 500.00 ns, 500.0000 ns/op
OverheadWarmup   3: 1 op, 500.00 ns, 500.0000 ns/op
OverheadWarmup   4: 1 op, 300.00 ns, 300.0000 ns/op
OverheadWarmup   5: 1 op, 300.00 ns, 300.0000 ns/op
OverheadWarmup   6: 1 op, 600.00 ns, 600.0000 ns/op

OverheadActual   1: 1 op, 400.00 ns, 400.0000 ns/op
OverheadActual   2: 1 op, 200.00 ns, 200.0000 ns/op
OverheadActual   3: 1 op, 700.00 ns, 700.0000 ns/op
OverheadActual   4: 1 op, 300.00 ns, 300.0000 ns/op
OverheadActual   5: 1 op, 300.00 ns, 300.0000 ns/op
OverheadActual   6: 1 op, 600.00 ns, 600.0000 ns/op
OverheadActual   7: 1 op, 300.00 ns, 300.0000 ns/op
OverheadActual   8: 1 op, 200.00 ns, 200.0000 ns/op
OverheadActual   9: 1 op, 300.00 ns, 300.0000 ns/op
OverheadActual  10: 1 op, 500.00 ns, 500.0000 ns/op
OverheadActual  11: 1 op, 400.00 ns, 400.0000 ns/op
OverheadActual  12: 1 op, 600.00 ns, 600.0000 ns/op
OverheadActual  13: 1 op, 900.00 ns, 900.0000 ns/op
OverheadActual  14: 1 op, 600.00 ns, 600.0000 ns/op
OverheadActual  15: 1 op, 600.00 ns, 600.0000 ns/op
OverheadActual  16: 1 op, 600.00 ns, 600.0000 ns/op
OverheadActual  17: 1 op, 200.00 ns, 200.0000 ns/op
OverheadActual  18: 1 op, 500.00 ns, 500.0000 ns/op
OverheadActual  19: 1 op, 1100.00 ns, 1.1000 us/op
OverheadActual  20: 1 op, 600.00 ns, 600.0000 ns/op

WorkloadWarmup   1: 1 op, 35400.00 ns, 35.4000 us/op
WorkloadWarmup   2: 1 op, 34900.00 ns, 34.9000 us/op
WorkloadWarmup   3: 1 op, 13800.00 ns, 13.8000 us/op
WorkloadWarmup   4: 1 op, 14400.00 ns, 14.4000 us/op
WorkloadWarmup   5: 1 op, 19300.00 ns, 19.3000 us/op
WorkloadWarmup   6: 1 op, 12600.00 ns, 12.6000 us/op
WorkloadWarmup   7: 1 op, 14700.00 ns, 14.7000 us/op
WorkloadWarmup   8: 1 op, 23500.00 ns, 23.5000 us/op
WorkloadWarmup   9: 1 op, 967800.00 ns, 967.8000 us/op
WorkloadWarmup  10: 1 op, 29300.00 ns, 29.3000 us/op

WorkloadActual   1: 1 op, 31100.00 ns, 31.1000 us/op
WorkloadActual   2: 1 op, 31100.00 ns, 31.1000 us/op
WorkloadActual   3: 1 op, 37900.00 ns, 37.9000 us/op
WorkloadActual   4: 1 op, 25800.00 ns, 25.8000 us/op
WorkloadActual   5: 1 op, 32600.00 ns, 32.6000 us/op
WorkloadActual   6: 1 op, 34000.00 ns, 34.0000 us/op
WorkloadActual   7: 1 op, 24200.00 ns, 24.2000 us/op
WorkloadActual   8: 1 op, 27100.00 ns, 27.1000 us/op
WorkloadActual   9: 1 op, 24600.00 ns, 24.6000 us/op
WorkloadActual  10: 1 op, 21900.00 ns, 21.9000 us/op
WorkloadActual  11: 1 op, 25000.00 ns, 25.0000 us/op
WorkloadActual  12: 1 op, 23000.00 ns, 23.0000 us/op
WorkloadActual  13: 1 op, 23300.00 ns, 23.3000 us/op
WorkloadActual  14: 1 op, 25400.00 ns, 25.4000 us/op
WorkloadActual  15: 1 op, 22100.00 ns, 22.1000 us/op
WorkloadActual  16: 1 op, 37000.00 ns, 37.0000 us/op
WorkloadActual  17: 1 op, 27100.00 ns, 27.1000 us/op
WorkloadActual  18: 1 op, 32200.00 ns, 32.2000 us/op
WorkloadActual  19: 1 op, 29400.00 ns, 29.4000 us/op
WorkloadActual  20: 1 op, 198700.00 ns, 198.7000 us/op
WorkloadActual  21: 1 op, 18800.00 ns, 18.8000 us/op
WorkloadActual  22: 1 op, 24000.00 ns, 24.0000 us/op
WorkloadActual  23: 1 op, 16900.00 ns, 16.9000 us/op
WorkloadActual  24: 1 op, 12800.00 ns, 12.8000 us/op
WorkloadActual  25: 1 op, 13000.00 ns, 13.0000 us/op
WorkloadActual  26: 1 op, 16900.00 ns, 16.9000 us/op
WorkloadActual  27: 1 op, 13300.00 ns, 13.3000 us/op
WorkloadActual  28: 1 op, 19300.00 ns, 19.3000 us/op
WorkloadActual  29: 1 op, 14000.00 ns, 14.0000 us/op
WorkloadActual  30: 1 op, 751800.00 ns, 751.8000 us/op
WorkloadActual  31: 1 op, 22800.00 ns, 22.8000 us/op
WorkloadActual  32: 1 op, 33100.00 ns, 33.1000 us/op
WorkloadActual  33: 1 op, 23600.00 ns, 23.6000 us/op
WorkloadActual  34: 1 op, 21000.00 ns, 21.0000 us/op
WorkloadActual  35: 1 op, 22200.00 ns, 22.2000 us/op
WorkloadActual  36: 1 op, 26100.00 ns, 26.1000 us/op
WorkloadActual  37: 1 op, 21000.00 ns, 21.0000 us/op
WorkloadActual  38: 1 op, 27800.00 ns, 27.8000 us/op
WorkloadActual  39: 1 op, 25800.00 ns, 25.8000 us/op
WorkloadActual  40: 1 op, 26600.00 ns, 26.6000 us/op
WorkloadActual  41: 1 op, 23800.00 ns, 23.8000 us/op
WorkloadActual  42: 1 op, 22300.00 ns, 22.3000 us/op
WorkloadActual  43: 1 op, 21400.00 ns, 21.4000 us/op
WorkloadActual  44: 1 op, 24300.00 ns, 24.3000 us/op
WorkloadActual  45: 1 op, 31900.00 ns, 31.9000 us/op
WorkloadActual  46: 1 op, 20900.00 ns, 20.9000 us/op
WorkloadActual  47: 1 op, 30500.00 ns, 30.5000 us/op
WorkloadActual  48: 1 op, 22300.00 ns, 22.3000 us/op
WorkloadActual  49: 1 op, 22700.00 ns, 22.7000 us/op
WorkloadActual  50: 1 op, 115300.00 ns, 115.3000 us/op
WorkloadActual  51: 1 op, 3500.00 ns, 3.5000 us/op
WorkloadActual  52: 1 op, 3800.00 ns, 3.8000 us/op
WorkloadActual  53: 1 op, 3300.00 ns, 3.3000 us/op
WorkloadActual  54: 1 op, 4000.00 ns, 4.0000 us/op
WorkloadActual  55: 1 op, 4700.00 ns, 4.7000 us/op
WorkloadActual  56: 1 op, 4300.00 ns, 4.3000 us/op
WorkloadActual  57: 1 op, 3900.00 ns, 3.9000 us/op
WorkloadActual  58: 1 op, 3500.00 ns, 3.5000 us/op
WorkloadActual  59: 1 op, 4400.00 ns, 4.4000 us/op
WorkloadActual  60: 1 op, 3600.00 ns, 3.6000 us/op
WorkloadActual  61: 1 op, 3600.00 ns, 3.6000 us/op
WorkloadActual  62: 1 op, 3900.00 ns, 3.9000 us/op
WorkloadActual  63: 1 op, 6600.00 ns, 6.6000 us/op
WorkloadActual  64: 1 op, 3800.00 ns, 3.8000 us/op
WorkloadActual  65: 1 op, 4200.00 ns, 4.2000 us/op
WorkloadActual  66: 1 op, 3400.00 ns, 3.4000 us/op
WorkloadActual  67: 1 op, 3600.00 ns, 3.6000 us/op
WorkloadActual  68: 1 op, 3900.00 ns, 3.9000 us/op
WorkloadActual  69: 1 op, 3700.00 ns, 3.7000 us/op
WorkloadActual  70: 1 op, 3800.00 ns, 3.8000 us/op
WorkloadActual  71: 1 op, 4200.00 ns, 4.2000 us/op
WorkloadActual  72: 1 op, 4400.00 ns, 4.4000 us/op
WorkloadActual  73: 1 op, 4300.00 ns, 4.3000 us/op
WorkloadActual  74: 1 op, 3800.00 ns, 3.8000 us/op
WorkloadActual  75: 1 op, 4400.00 ns, 4.4000 us/op
WorkloadActual  76: 1 op, 5200.00 ns, 5.2000 us/op
WorkloadActual  77: 1 op, 4600.00 ns, 4.6000 us/op
WorkloadActual  78: 1 op, 3700.00 ns, 3.7000 us/op
WorkloadActual  79: 1 op, 3600.00 ns, 3.6000 us/op
WorkloadActual  80: 1 op, 4200.00 ns, 4.2000 us/op
WorkloadActual  81: 1 op, 4100.00 ns, 4.1000 us/op
WorkloadActual  82: 1 op, 4200.00 ns, 4.2000 us/op
WorkloadActual  83: 1 op, 4000.00 ns, 4.0000 us/op
WorkloadActual  84: 1 op, 5300.00 ns, 5.3000 us/op
WorkloadActual  85: 1 op, 3500.00 ns, 3.5000 us/op
WorkloadActual  86: 1 op, 4000.00 ns, 4.0000 us/op
WorkloadActual  87: 1 op, 3700.00 ns, 3.7000 us/op
WorkloadActual  88: 1 op, 4000.00 ns, 4.0000 us/op
WorkloadActual  89: 1 op, 4100.00 ns, 4.1000 us/op
WorkloadActual  90: 1 op, 3700.00 ns, 3.7000 us/op
WorkloadActual  91: 1 op, 4000.00 ns, 4.0000 us/op
WorkloadActual  92: 1 op, 3700.00 ns, 3.7000 us/op
WorkloadActual  93: 1 op, 4800.00 ns, 4.8000 us/op
WorkloadActual  94: 1 op, 5000.00 ns, 5.0000 us/op
WorkloadActual  95: 1 op, 3700.00 ns, 3.7000 us/op
WorkloadActual  96: 1 op, 3500.00 ns, 3.5000 us/op
WorkloadActual  97: 1 op, 3600.00 ns, 3.6000 us/op
WorkloadActual  98: 1 op, 3400.00 ns, 3.4000 us/op
WorkloadActual  99: 1 op, 3400.00 ns, 3.4000 us/op
WorkloadActual  100: 1 op, 3600.00 ns, 3.6000 us/op

WorkloadResult   1: 1 op, 30600.00 ns, 30.6000 us/op
WorkloadResult   2: 1 op, 30600.00 ns, 30.6000 us/op
WorkloadResult   3: 1 op, 37400.00 ns, 37.4000 us/op
WorkloadResult   4: 1 op, 25300.00 ns, 25.3000 us/op
WorkloadResult   5: 1 op, 32100.00 ns, 32.1000 us/op
WorkloadResult   6: 1 op, 33500.00 ns, 33.5000 us/op
WorkloadResult   7: 1 op, 23700.00 ns, 23.7000 us/op
WorkloadResult   8: 1 op, 26600.00 ns, 26.6000 us/op
WorkloadResult   9: 1 op, 24100.00 ns, 24.1000 us/op
WorkloadResult  10: 1 op, 21400.00 ns, 21.4000 us/op
WorkloadResult  11: 1 op, 24500.00 ns, 24.5000 us/op
WorkloadResult  12: 1 op, 22500.00 ns, 22.5000 us/op
WorkloadResult  13: 1 op, 22800.00 ns, 22.8000 us/op
WorkloadResult  14: 1 op, 24900.00 ns, 24.9000 us/op
WorkloadResult  15: 1 op, 21600.00 ns, 21.6000 us/op
WorkloadResult  16: 1 op, 36500.00 ns, 36.5000 us/op
WorkloadResult  17: 1 op, 26600.00 ns, 26.6000 us/op
WorkloadResult  18: 1 op, 31700.00 ns, 31.7000 us/op
WorkloadResult  19: 1 op, 28900.00 ns, 28.9000 us/op
WorkloadResult  20: 1 op, 18300.00 ns, 18.3000 us/op
WorkloadResult  21: 1 op, 23500.00 ns, 23.5000 us/op
WorkloadResult  22: 1 op, 16400.00 ns, 16.4000 us/op
WorkloadResult  23: 1 op, 12300.00 ns, 12.3000 us/op
WorkloadResult  24: 1 op, 12500.00 ns, 12.5000 us/op
WorkloadResult  25: 1 op, 16400.00 ns, 16.4000 us/op
WorkloadResult  26: 1 op, 12800.00 ns, 12.8000 us/op
WorkloadResult  27: 1 op, 18800.00 ns, 18.8000 us/op
WorkloadResult  28: 1 op, 13500.00 ns, 13.5000 us/op
WorkloadResult  29: 1 op, 22300.00 ns, 22.3000 us/op
WorkloadResult  30: 1 op, 32600.00 ns, 32.6000 us/op
WorkloadResult  31: 1 op, 23100.00 ns, 23.1000 us/op
WorkloadResult  32: 1 op, 20500.00 ns, 20.5000 us/op
WorkloadResult  33: 1 op, 21700.00 ns, 21.7000 us/op
WorkloadResult  34: 1 op, 25600.00 ns, 25.6000 us/op
WorkloadResult  35: 1 op, 20500.00 ns, 20.5000 us/op
WorkloadResult  36: 1 op, 27300.00 ns, 27.3000 us/op
WorkloadResult  37: 1 op, 25300.00 ns, 25.3000 us/op
WorkloadResult  38: 1 op, 26100.00 ns, 26.1000 us/op
WorkloadResult  39: 1 op, 23300.00 ns, 23.3000 us/op
WorkloadResult  40: 1 op, 21800.00 ns, 21.8000 us/op
WorkloadResult  41: 1 op, 20900.00 ns, 20.9000 us/op
WorkloadResult  42: 1 op, 23800.00 ns, 23.8000 us/op
WorkloadResult  43: 1 op, 31400.00 ns, 31.4000 us/op
WorkloadResult  44: 1 op, 20400.00 ns, 20.4000 us/op
WorkloadResult  45: 1 op, 30000.00 ns, 30.0000 us/op
WorkloadResult  46: 1 op, 21800.00 ns, 21.8000 us/op
WorkloadResult  47: 1 op, 22200.00 ns, 22.2000 us/op
WorkloadResult  48: 1 op, 3000.00 ns, 3.0000 us/op
WorkloadResult  49: 1 op, 3300.00 ns, 3.3000 us/op
WorkloadResult  50: 1 op, 2800.00 ns, 2.8000 us/op
WorkloadResult  51: 1 op, 3500.00 ns, 3.5000 us/op
WorkloadResult  52: 1 op, 4200.00 ns, 4.2000 us/op
WorkloadResult  53: 1 op, 3800.00 ns, 3.8000 us/op
WorkloadResult  54: 1 op, 3400.00 ns, 3.4000 us/op
WorkloadResult  55: 1 op, 3000.00 ns, 3.0000 us/op
WorkloadResult  56: 1 op, 3900.00 ns, 3.9000 us/op
WorkloadResult  57: 1 op, 3100.00 ns, 3.1000 us/op
WorkloadResult  58: 1 op, 3100.00 ns, 3.1000 us/op
WorkloadResult  59: 1 op, 3400.00 ns, 3.4000 us/op
WorkloadResult  60: 1 op, 6100.00 ns, 6.1000 us/op
WorkloadResult  61: 1 op, 3300.00 ns, 3.3000 us/op
WorkloadResult  62: 1 op, 3700.00 ns, 3.7000 us/op
WorkloadResult  63: 1 op, 2900.00 ns, 2.9000 us/op
WorkloadResult  64: 1 op, 3100.00 ns, 3.1000 us/op
WorkloadResult  65: 1 op, 3400.00 ns, 3.4000 us/op
WorkloadResult  66: 1 op, 3200.00 ns, 3.2000 us/op
WorkloadResult  67: 1 op, 3300.00 ns, 3.3000 us/op
WorkloadResult  68: 1 op, 3700.00 ns, 3.7000 us/op
WorkloadResult  69: 1 op, 3900.00 ns, 3.9000 us/op
WorkloadResult  70: 1 op, 3800.00 ns, 3.8000 us/op
WorkloadResult  71: 1 op, 3300.00 ns, 3.3000 us/op
WorkloadResult  72: 1 op, 3900.00 ns, 3.9000 us/op
WorkloadResult  73: 1 op, 4700.00 ns, 4.7000 us/op
WorkloadResult  74: 1 op, 4100.00 ns, 4.1000 us/op
WorkloadResult  75: 1 op, 3200.00 ns, 3.2000 us/op
WorkloadResult  76: 1 op, 3100.00 ns, 3.1000 us/op
WorkloadResult  77: 1 op, 3700.00 ns, 3.7000 us/op
WorkloadResult  78: 1 op, 3600.00 ns, 3.6000 us/op
WorkloadResult  79: 1 op, 3700.00 ns, 3.7000 us/op
WorkloadResult  80: 1 op, 3500.00 ns, 3.5000 us/op
WorkloadResult  81: 1 op, 4800.00 ns, 4.8000 us/op
WorkloadResult  82: 1 op, 3000.00 ns, 3.0000 us/op
WorkloadResult  83: 1 op, 3500.00 ns, 3.5000 us/op
WorkloadResult  84: 1 op, 3200.00 ns, 3.2000 us/op
WorkloadResult  85: 1 op, 3500.00 ns, 3.5000 us/op
WorkloadResult  86: 1 op, 3600.00 ns, 3.6000 us/op
WorkloadResult  87: 1 op, 3200.00 ns, 3.2000 us/op
WorkloadResult  88: 1 op, 3500.00 ns, 3.5000 us/op
WorkloadResult  89: 1 op, 3200.00 ns, 3.2000 us/op
WorkloadResult  90: 1 op, 4300.00 ns, 4.3000 us/op
WorkloadResult  91: 1 op, 4500.00 ns, 4.5000 us/op
WorkloadResult  92: 1 op, 3200.00 ns, 3.2000 us/op
WorkloadResult  93: 1 op, 3000.00 ns, 3.0000 us/op
WorkloadResult  94: 1 op, 3100.00 ns, 3.1000 us/op
WorkloadResult  95: 1 op, 2900.00 ns, 2.9000 us/op
WorkloadResult  96: 1 op, 2900.00 ns, 2.9000 us/op
WorkloadResult  97: 1 op, 3100.00 ns, 3.1000 us/op
// GC:  0 0 0 2368 1
// Threading:  0 0 1


Mean = 13.470 μs, StdErr = 1.128 μs (8.38%), N = 97, StdDev = 11.112 μs
Min = 2.800 μs, Q1 = 3.400 μs, Median = 4.800 μs, Q3 = 23.300 μs, Max = 37.400 μs
IQR = 19.900 μs, LowerFence = -26.450 μs, UpperFence = 53.150 μs
ConfidenceInterval = [9.640 μs; 17.300 μs] (CI 99.9%), Margin = 3.830 μs (28.44% of Mean)
Skewness = 0.44, Kurtosis = 1.61, MValue = 3.19

// ** Remained 0 (0.0%) benchmark(s) to run. Estimated finish 2026-06-19 11:12 (0h 0m from now) **
Successfully reverted power plan (GUID: 8c5e7fda-e8bf-4a96-9a85-a6e23a8c635c FriendlyName: High performance)
// ***** BenchmarkRunner: Finish  *****

// * Export *

// * Detailed results *
PlaylistCoordinatorBenchmarks.'Sort 100 items': InProcess(Toolchain=InProcessEmitToolchain, InvocationCount=1, UnrollFactor=1)
Runtime = ; GC = 
Mean = 15.535 μs, StdErr = 0.722 μs (4.65%), N = 98, StdDev = 7.146 μs
Min = 8.200 μs, Q1 = 9.525 μs, Median = 12.750 μs, Q3 = 19.925 μs, Max = 34.500 μs
IQR = 10.400 μs, LowerFence = -6.075 μs, UpperFence = 35.525 μs
ConfidenceInterval = [13.085 μs; 17.984 μs] (CI 99.9%), Margin = 2.450 μs (15.77% of Mean)
Skewness = 0.94, Kurtosis = 2.7, MValue = 2.49
-------------------- Histogram --------------------
[ 8.116 μs ; 12.184 μs) | @@@@@@@@@@@@@@@@@@@@@@@@@@@@@@@@@@@@@@@@@@@@@
[12.184 μs ; 17.166 μs) | @@@@@@@@@@@@@@@@@@@
[17.166 μs ; 21.234 μs) | @@@@@@@@@@@@
[21.234 μs ; 23.466 μs) | @@
[23.466 μs ; 27.534 μs) | @@@@@@@@@@@@@
[27.534 μs ; 31.634 μs) | @@@@
[31.634 μs ; 35.884 μs) | @@@
---------------------------------------------------

PlaylistCoordinatorBenchmarks.'Sort 1000 items': InProcess(Toolchain=InProcessEmitToolchain, InvocationCount=1, UnrollFactor=1)
Runtime = ; GC = 
Mean = 84.622 μs, StdErr = 0.477 μs (0.56%), N = 41, StdDev = 3.056 μs
Min = 79.600 μs, Q1 = 81.800 μs, Median = 84.100 μs, Q3 = 86.800 μs, Max = 92.800 μs
IQR = 5.000 μs, LowerFence = 74.300 μs, UpperFence = 94.300 μs
ConfidenceInterval = [82.927 μs; 86.317 μs] (CI 99.9%), Margin = 1.695 μs (2.00% of Mean)
Skewness = 0.5, Kurtosis = 2.65, MValue = 2
-------------------- Histogram --------------------
[78.437 μs ; 80.387 μs) | @
[80.387 μs ; 82.713 μs) | @@@@@@@@@@@@@
[82.713 μs ; 86.063 μs) | @@@@@@@@@@@@@@@
[86.063 μs ; 88.563 μs) | @@@@@@@@@
[88.563 μs ; 91.263 μs) | @@
[91.263 μs ; 93.963 μs) | @
---------------------------------------------------

PlaylistCoordinatorBenchmarks.'Sort 10000 items': InProcess(Toolchain=InProcessEmitToolchain, InvocationCount=1, UnrollFactor=1)
Runtime = ; GC = 
Mean = 2.211 ms, StdErr = 0.015 ms (0.67%), N = 86, StdDev = 0.137 ms
Min = 1.979 ms, Q1 = 2.102 ms, Median = 2.183 ms, Q3 = 2.291 ms, Max = 2.622 ms
IQR = 0.190 ms, LowerFence = 1.817 ms, UpperFence = 2.576 ms
ConfidenceInterval = [2.160 ms; 2.261 ms] (CI 99.9%), Margin = 0.050 ms (2.28% of Mean)
Skewness = 0.79, Kurtosis = 3.14, MValue = 2.8
-------------------- Histogram --------------------
[1.971 ms ; 2.050 ms) | @@@@@
[2.050 ms ; 2.155 ms) | @@@@@@@@@@@@@@@@@@@@@@@@@@@@@
[2.155 ms ; 2.236 ms) | @@@@@@@@@@@@@@@@@@@@
[2.236 ms ; 2.350 ms) | @@@@@@@@@@@@@@@@@@@@
[2.350 ms ; 2.437 ms) | @@@@@@
[2.437 ms ; 2.528 ms) | @@@@
[2.528 ms ; 2.638 ms) | @@
---------------------------------------------------

PlaylistCoordinatorBenchmarks.'Shuffle 100 items': InProcess(Toolchain=InProcessEmitToolchain, InvocationCount=1, UnrollFactor=1)
Runtime = ; GC = 
Mean = 5.079 μs, StdErr = 0.289 μs (5.70%), N = 97, StdDev = 2.850 μs
Min = 1.400 μs, Q1 = 2.400 μs, Median = 4.100 μs, Q3 = 7.500 μs, Max = 10.900 μs
IQR = 5.100 μs, LowerFence = -5.250 μs, UpperFence = 15.150 μs
ConfidenceInterval = [4.097 μs; 6.062 μs] (CI 99.9%), Margin = 0.982 μs (19.34% of Mean)
Skewness = 0.16, Kurtosis = 1.33, MValue = 3.88
-------------------- Histogram --------------------
[ 0.586 μs ;  1.686 μs) | @
[ 1.686 μs ;  3.314 μs) | @@@@@@@@@@@@@@@@@@@@@@@@@@@@@@@@@@@@@@@@@@@@@@@
[ 3.314 μs ;  4.914 μs) | @
[ 4.914 μs ;  5.836 μs) | 
[ 5.836 μs ;  6.986 μs) | @@@@@@@
[ 6.986 μs ;  8.614 μs) | @@@@@@@@@@@@@@@@@@@@@@@@@@@@@@@@@@
[ 8.614 μs ; 10.414 μs) | @@@@@@
[10.414 μs ; 11.714 μs) | @
---------------------------------------------------

PlaylistCoordinatorBenchmarks.'Shuffle 10000 items': InProcess(Toolchain=InProcessEmitToolchain, InvocationCount=1, UnrollFactor=1)
Runtime = ; GC = 
Mean = 95.137 μs, StdErr = 1.309 μs (1.38%), N = 90, StdDev = 12.414 μs
Min = 76.500 μs, Q1 = 87.975 μs, Median = 91.700 μs, Q3 = 96.475 μs, Max = 130.200 μs
IQR = 8.500 μs, LowerFence = 75.225 μs, UpperFence = 109.225 μs
ConfidenceInterval = [90.683 μs; 99.590 μs] (CI 99.9%), Margin = 4.453 μs (4.68% of Mean)
Skewness = 1.42, Kurtosis = 4.37, MValue = 2.15
-------------------- Histogram --------------------
[ 72.864 μs ;  79.314 μs) | @
[ 79.314 μs ;  86.464 μs) | @@@@@@@@@@@@@@@
[ 86.464 μs ;  93.736 μs) | @@@@@@@@@@@@@@@@@@@@@@@@@@@@@@@@@@@@@@@@@@
[ 93.736 μs ; 100.836 μs) | @@@@@@@@@@@@@@@
[100.836 μs ; 104.164 μs) | @
[104.164 μs ; 111.436 μs) | @@@@@@
[111.436 μs ; 120.836 μs) | @@@
[120.836 μs ; 130.436 μs) | @@@@@@@
---------------------------------------------------

PlaylistCoordinatorBenchmarks.'GetNextIndex 1000 times (100 items, no wrap)': InProcess(Toolchain=InProcessEmitToolchain, InvocationCount=1, UnrollFactor=1)
Runtime = ; GC = 
Mean = 14.759 μs, StdErr = 1.328 μs (9.00%), N = 96, StdDev = 13.013 μs
Min = 1.200 μs, Q1 = 2.400 μs, Median = 10.350 μs, Q3 = 26.200 μs, Max = 44.100 μs
IQR = 23.800 μs, LowerFence = -33.300 μs, UpperFence = 61.900 μs
ConfidenceInterval = [10.249 μs; 19.270 μs] (CI 99.9%), Margin = 4.510 μs (30.56% of Mean)
Skewness = 0.26, Kurtosis = 1.41, MValue = 3.75
-------------------- Histogram --------------------
[-1.630 μs ;  5.830 μs) | @@@@@@@@@@@@@@@@@@@@@@@@@@@@@@@@@@@@@@@@@@@@@@@@
[ 5.830 μs ; 13.290 μs) | 
[13.290 μs ; 16.370 μs) | 
[16.370 μs ; 24.120 μs) | @@@@@@@@
[24.120 μs ; 31.580 μs) | @@@@@@@@@@@@@@@@@@@@@@@@@@@@@@@@@
[31.580 μs ; 40.370 μs) | @@@@@@
[40.370 μs ; 47.830 μs) | @
---------------------------------------------------

PlaylistCoordinatorBenchmarks.'Add 1000 items': InProcess(Toolchain=InProcessEmitToolchain, InvocationCount=1, UnrollFactor=1)
Runtime = ; GC = 
Mean = 2.613 ms, StdErr = 0.020 ms (0.76%), N = 87, StdDev = 0.185 ms
Min = 2.315 ms, Q1 = 2.488 ms, Median = 2.580 ms, Q3 = 2.683 ms, Max = 3.169 ms
IQR = 0.196 ms, LowerFence = 2.194 ms, UpperFence = 2.977 ms
ConfidenceInterval = [2.545 ms; 2.680 ms] (CI 99.9%), Margin = 0.068 ms (2.59% of Mean)
Skewness = 1.16, Kurtosis = 4.22, MValue = 2.7
-------------------- Histogram --------------------
[2.260 ms ; 2.391 ms) | @@@@
[2.391 ms ; 2.501 ms) | @@@@@@@@@@@@@@@@@@@@
[2.501 ms ; 2.610 ms) | @@@@@@@@@@@@@@@@@@@@@@@@@@@
[2.610 ms ; 2.722 ms) | @@@@@@@@@@@@@@@@@@
[2.722 ms ; 2.844 ms) | @@@@@@@@@@@
[2.844 ms ; 2.954 ms) | 
[2.954 ms ; 3.103 ms) | @@@@@
[3.103 ms ; 3.224 ms) | @@
---------------------------------------------------

PlaylistCoordinatorBenchmarks.'Remove 1000 items (from end)': InProcess(Toolchain=InProcessEmitToolchain, InvocationCount=1, UnrollFactor=1)
Runtime = ; GC = 
Mean = 13.470 μs, StdErr = 1.128 μs (8.38%), N = 97, StdDev = 11.112 μs
Min = 2.800 μs, Q1 = 3.400 μs, Median = 4.800 μs, Q3 = 23.300 μs, Max = 37.400 μs
IQR = 19.900 μs, LowerFence = -26.450 μs, UpperFence = 53.150 μs
ConfidenceInterval = [9.640 μs; 17.300 μs] (CI 99.9%), Margin = 3.830 μs (28.44% of Mean)
Skewness = 0.44, Kurtosis = 1.61, MValue = 3.19
-------------------- Histogram --------------------
[ 1.276 μs ;  7.624 μs) | @@@@@@@@@@@@@@@@@@@@@@@@@@@@@@@@@@@@@@@@@@@@@@@@@@
[ 7.624 μs ; 12.126 μs) | 
[12.126 μs ; 20.326 μs) | @@@@@@@@
[20.326 μs ; 26.674 μs) | @@@@@@@@@@@@@@@@@@@@@@@@@@@
[26.674 μs ; 33.574 μs) | @@@@@@@@@@
[33.574 μs ; 40.574 μs) | @@
---------------------------------------------------

// * Summary *

BenchmarkDotNet v0.14.0, Windows 11 (10.0.26200.8457)
AMD Ryzen 7 7735HS with Radeon Graphics, 1 CPU, 16 logical and 8 physical cores
.NET SDK 10.0.301
  [Host] : .NET 10.0.9 (10.0.926.27113), X64 RyuJIT AVX2


There are no columns to show 

// * Diagnostic Output - MemoryDiagnoser *


// ***** BenchmarkRunner: End *****
Run time: 00:03:25 (205.58 sec), executed benchmarks: 8

Global total time: 00:03:25 (205.6 sec), executed benchmarks: 8
// * Artifacts cleanup *
Artifacts cleanup is finished
